body_index,token_id,region,line_id,group,item_order_in_line,class_id,literal,unknown,candidate_class_ids,reconciliation_status,original_bbox_xyxy,oriented_bbox_xyxy,orientation,anchor_x_candidates,reader_A_id,reader_B_id,reader_A_class,reader_B_class,reader_A_confidence,reader_B_confidence,marks_preserved,source_url,source_sha256,crop_file_omitted
1,C199.L01.T01,LEFT_CCW,L01,L01.G01,1,G01,v,False,"[""G01""]",graphical_agreement,"[530, 516, 630, 584]","[516, 1155, 584, 1255]",CCW90,"{""A"": 550, ""B"": 550}",P0001,B01.P01,G01,G01,0.91,medium,"{""A"": [], ""B"": []}",https://api.hcportal.eu/media/4614/pc_hcp_199_pic.JPG,f50ac01e9e219b7f50d79a2373a81355ce81dbf94da43b12be1b1e7ff9a6a9ce,images/positions/C199.L01.T01.png
2,C199.L01.T02,LEFT_CCW,L01,L01.G01,2,G02,r,False,"[""G02""]",graphical_agreement,"[530, 540, 630, 608]","[540, 1155, 608, 1255]",CCW90,"{""A"": 570, ""B"": 574}",P0002,B01.P02,G02,G02,0.78,medium,"{""A"": [], ""B"": []}",https://api.hcportal.eu/media/4614/pc_hcp_199_pic.JPG,f50ac01e9e219b7f50d79a2373a81355ce81dbf94da43b12be1b1e7ff9a6a9ce,images/positions/C199.L01.T02.png
3,C199.L01.T03,LEFT_CCW,L01,L01.G01,3,G03,e,False,"[""G03""]",graphical_agreement,"[530, 558, 630, 619]","[558, 1155, 619, 1255]",CCW90,"{""A"": 588, ""B"": 590}",P0003,B01.P03,G03,G03,0.91,high,"{""A"": [], ""B"": []}",https://api.hcportal.eu/media/4614/pc_hcp_199_pic.JPG,f50ac01e9e219b7f50d79a2373a81355ce81dbf94da43b12be1b1e7ff9a6a9ce,images/positions/C199.L01.T03.png
4,C199.L01.T04,LEFT_CCW,L01,L01.G01,4,G04,l,False,"[""G04""]",graphical_agreement,"[530, 578, 630, 639]","[578, 1155, 639, 1255]",CCW90,"{""A"": 608, ""B"": 609}",P0004,B01.P04,G04,G04,0.91,high,"{""A"": [], ""B"": []}",https://api.hcportal.eu/media/4614/pc_hcp_199_pic.JPG,f50ac01e9e219b7f50d79a2373a81355ce81dbf94da43b12be1b1e7ff9a6a9ce,images/positions/C199.L01.T04.png
5,C199.L01.T05,LEFT_CCW,L01,L01.G01,5,G05,y,False,"[""G05""]",graphical_agreement,"[530, 601, 630, 662]","[601, 1155, 662, 1255]",CCW90,"{""A"": 631, ""B"": 630}",P0005,B01.P05,G05,G05,0.91,high,"{""A"": [], ""B"": []}",https://api.hcportal.eu/media/4614/pc_hcp_199_pic.JPG,f50ac01e9e219b7f50d79a2373a81355ce81dbf94da43b12be1b1e7ff9a6a9ce,images/positions/C199.L01.T05.png
6,C199.L01.T06,LEFT_CCW,L01,L01.G02,6,G06,d,False,"[""G06""]",graphical_agreement,"[530, 636, 630, 704]","[636, 1155, 704, 1255]",CCW90,"{""A"": 668, ""B"": 670}",P0006,B01.P06,G06,G06,0.91,high,"{""A"": [], ""B"": []}",https://api.hcportal.eu/media/4614/pc_hcp_199_pic.JPG,f50ac01e9e219b7f50d79a2373a81355ce81dbf94da43b12be1b1e7ff9a6a9ce,images/positions/C199.L01.T06.png
7,C199.L01.T07,LEFT_CCW,L01,L01.G02,7,G07,i,False,"[""G07""]",graphical_agreement,"[530, 656, 630, 717]","[656, 1155, 717, 1255]",CCW90,"{""A"": 686, ""B"": 687}",P0007,B01.P07,G07,G07,0.91,high,"{""A"": [], ""B"": []}",https://api.hcportal.eu/media/4614/pc_hcp_199_pic.JPG,f50ac01e9e219b7f50d79a2373a81355ce81dbf94da43b12be1b1e7ff9a6a9ce,images/positions/C199.L01.T07.png
8,C199.L01.T08,LEFT_CCW,L01,L01.G02,8,G08_N01,k,False,"[""G08_N01""]",graphical_agreement,"[530, 655, 630, 756]","[655, 1155, 756, 1255]",CCW90,"{""A"": 705, ""B"": 714}",P0008,B01.P08,G08_N01,G08_N01,0.91,high,"{""A"": [], ""B"": []}",https://api.hcportal.eu/media/4614/pc_hcp_199_pic.JPG,f50ac01e9e219b7f50d79a2373a81355ce81dbf94da43b12be1b1e7ff9a6a9ce,images/positions/C199.L01.T08.png
9,C199.L01.T09,LEFT_CCW,L01,L01.G03,9,G08_N02,z,False,"[""G08_N02""]",graphical_agreement,"[530, 695, 630, 796]","[695, 1155, 796, 1255]",CCW90,"{""A"": 745, ""B"": 750}",P0009,B01.P09,G08_N02,G08_N02,0.91,high,"{""A"": [], ""B"": []}",https://api.hcportal.eu/media/4614/pc_hcp_199_pic.JPG,f50ac01e9e219b7f50d79a2373a81355ce81dbf94da43b12be1b1e7ff9a6a9ce,images/positions/C199.L01.T09.png
10,C199.L01.T10,LEFT_CCW,L01,L01.G03,10,G09,a,False,"[""G09""]",graphical_agreement,"[530, 737, 630, 798]","[737, 1155, 798, 1255]",CCW90,"{""A"": 767, ""B"": 771}",P0010,B01.P10,G09,G09,0.91,high,"{""A"": [], ""B"": []}",https://api.hcportal.eu/media/4614/pc_hcp_199_pic.JPG,f50ac01e9e219b7f50d79a2373a81355ce81dbf94da43b12be1b1e7ff9a6a9ce,images/positions/C199.L01.T10.png
11,C199.L01.T11,LEFT_CCW,L01,L01.G04,11,G06,d,False,"[""G06""]",graphical_agreement,"[530, 772, 630, 840]","[772, 1155, 840, 1255]",CCW90,"{""A"": 802, ""B"": 806}",P0011,B01.P11,G06,G06,0.91,high,"{""A"": [], ""B"": []}",https://api.hcportal.eu/media/4614/pc_hcp_199_pic.JPG,f50ac01e9e219b7f50d79a2373a81355ce81dbf94da43b12be1b1e7ff9a6a9ce,images/positions/C199.L01.T11.png
12,C199.L01.T12,LEFT_CCW,L01,L01.G04,12,G02,r,False,"[""G02""]",graphical_agreement,"[530, 786, 630, 855]","[786, 1155, 855, 1255]",CCW90,"{""A"": 824, ""B"": 820}",P0012,B01.P12,G02,G02,0.91,high,"{""A"": [], ""B"": []}",https://api.hcportal.eu/media/4614/pc_hcp_199_pic.JPG,f50ac01e9e219b7f50d79a2373a81355ce81dbf94da43b12be1b1e7ff9a6a9ce,images/positions/C199.L01.T12.png
13,C199.L01.T13,LEFT_CCW,L01,L01.G04,13,G09,a,False,"[""G09""]",graphical_agreement,"[530, 812, 630, 873]","[812, 1155, 873, 1255]",CCW90,"{""A"": 842, ""B"": 839}",P0013,B01.P13,G09,G09,0.91,high,"{""A"": [], ""B"": []}",https://api.hcportal.eu/media/4614/pc_hcp_199_pic.JPG,f50ac01e9e219b7f50d79a2373a81355ce81dbf94da43b12be1b1e7ff9a6a9ce,images/positions/C199.L01.T13.png
14,C199.L01.T14,LEFT_CCW,L01,L01.G04,14,G10,h,False,"[""G10""]",graphical_agreement,"[530, 830, 630, 891]","[830, 1155, 891, 1255]",CCW90,"{""A"": 860, ""B"": 857}",P0014,B01.P14,G10,G10,0.91,high,"{""A"": [], ""B"": []}",https://api.hcportal.eu/media/4614/pc_hcp_199_pic.JPG,f50ac01e9e219b7f50d79a2373a81355ce81dbf94da43b12be1b1e7ff9a6a9ce,images/positions/C199.L01.T14.png
15,C199.L01.T15,LEFT_CCW,L01,L01.G04,15,G05,y,False,"[""G05""]",graphical_agreement,"[530, 849, 630, 910]","[849, 1155, 910, 1255]",CCW90,"{""A"": 879, ""B"": 875}",P0015,B01.P15,G05,G05,0.91,high,"{""A"": [], ""B"": []}",https://api.hcportal.eu/media/4614/pc_hcp_199_pic.JPG,f50ac01e9e219b7f50d79a2373a81355ce81dbf94da43b12be1b1e7ff9a6a9ce,images/positions/C199.L01.T15.png
16,C199.L01.T16,LEFT_CCW,L01,L01.G05,16,G04,l,False,"[""G04""]",graphical_agreement,"[530, 875, 630, 940]","[875, 1155, 940, 1255]",CCW90,"{""A"": 905, ""B"": 914}",P0016,B01.P16,G04,G04,0.91,high,"{""A"": [], ""B"": []}",https://api.hcportal.eu/media/4614/pc_hcp_199_pic.JPG,f50ac01e9e219b7f50d79a2373a81355ce81dbf94da43b12be1b1e7ff9a6a9ce,images/positions/C199.L01.T16.png
17,C199.L01.T17,LEFT_CCW,L01,L01.G05,17,G07,i,False,"[""G07""]",graphical_agreement,"[530, 894, 630, 959]","[894, 1155, 959, 1255]",CCW90,"{""A"": 924, ""B"": 933}",P0017,B01.P17,G07,G07,0.91,high,"{""A"": [], ""B"": []}",https://api.hcportal.eu/media/4614/pc_hcp_199_pic.JPG,f50ac01e9e219b7f50d79a2373a81355ce81dbf94da43b12be1b1e7ff9a6a9ce,images/positions/C199.L01.T17.png
18,C199.L01.T18,LEFT_CCW,L01,L01.G05,18,G13,s,False,"[""G13""]",graphical_agreement,"[530, 913, 630, 976]","[913, 1155, 976, 1255]",CCW90,"{""A"": 943, ""B"": 950}",P0018,B01.P18,G13,G13,0.91,high,"{""A"": [], ""B"": []}",https://api.hcportal.eu/media/4614/pc_hcp_199_pic.JPG,f50ac01e9e219b7f50d79a2373a81355ce81dbf94da43b12be1b1e7ff9a6a9ce,images/positions/C199.L01.T18.png
19,C199.L01.T19,LEFT_CCW,L01,L01.G05,19,G18,t,False,"[""G18""]",graphical_agreement,"[530, 933, 630, 1005]","[933, 1155, 1005, 1255]",CCW90,"{""A"": 963, ""B"": 971}",P0019,B01.P19,G18,G18,0.91,high,"{""A"": [], ""B"": []}",https://api.hcportal.eu/media/4614/pc_hcp_199_pic.JPG,f50ac01e9e219b7f50d79a2373a81355ce81dbf94da43b12be1b1e7ff9a6a9ce,images/positions/C199.L01.T19.png
20,C199.L01.T20,LEFT_CCW,L01,L01.G05,20,G03,e,False,"[""G03""]",graphical_agreement,"[530, 954, 630, 1016]","[954, 1155, 1016, 1255]",CCW90,"{""A"": 984, ""B"": 990}",P0020,B01.P20,G03,G03,0.91,high,"{""A"": [], ""B"": []}",https://api.hcportal.eu/media/4614/pc_hcp_199_pic.JPG,f50ac01e9e219b7f50d79a2373a81355ce81dbf94da43b12be1b1e7ff9a6a9ce,images/positions/C199.L01.T20.png
21,C199.L01.T21,LEFT_CCW,L01,L01.G05,21,G08_N01,k,False,"[""G08_N01""]",graphical_agreement,"[530, 957, 630, 1058]","[957, 1155, 1058, 1255]",CCW90,"{""A"": 1007, ""B"": 1009}",P0021,B01.P21,G08_N01,G08_N01,0.91,high,"{""A"": [], ""B"": []}",https://api.hcportal.eu/media/4614/pc_hcp_199_pic.JPG,f50ac01e9e219b7f50d79a2373a81355ce81dbf94da43b12be1b1e7ff9a6a9ce,images/positions/C199.L01.T21.png
22,C199.L01.T23,LEFT_CCW,L01,L01.G06,23,G17,b,False,"[""G17""]",graphical_agreement,"[530, 1014, 630, 1082]","[1014, 1155, 1082, 1255]",CCW90,"{""A"": 1048, ""B"": 1048}",P0022,B01.P23,G17,G17,0.91,high,"{""A"": [], ""B"": []}",https://api.hcportal.eu/media/4614/pc_hcp_199_pic.JPG,f50ac01e9e219b7f50d79a2373a81355ce81dbf94da43b12be1b1e7ff9a6a9ce,images/positions/C199.L01.T23.png
23,C199.L01.T24,LEFT_CCW,L01,L01.G06,24,G05,y,False,"[""G05""]",graphical_agreement,"[530, 1044, 630, 1105]","[1044, 1155, 1105, 1255]",CCW90,"{""A"": 1074, ""B"": 1071}",P0023,B01.P24,G05,G05,0.91,high,"{""A"": [], ""B"": []}",https://api.hcportal.eu/media/4614/pc_hcp_199_pic.JPG,f50ac01e9e219b7f50d79a2373a81355ce81dbf94da43b12be1b1e7ff9a6a9ce,images/positions/C199.L01.T24.png
24,C199.L01.T25,LEFT_CCW,L01,L01.G06,25,G04,l,False,"[""G04""]",graphical_agreement,"[530, 1060, 630, 1122]","[1060, 1155, 1122, 1255]",CCW90,"{""A"": 1091, ""B"": 1086}",P0024,B01.P25,G04,G04,0.91,high,"{""A"": [], ""B"": []}",https://api.hcportal.eu/media/4614/pc_hcp_199_pic.JPG,f50ac01e9e219b7f50d79a2373a81355ce81dbf94da43b12be1b1e7ff9a6a9ce,images/positions/C199.L01.T25.png
25,C199.L02.T01,LEFT_CCW,L02,L02.G01,1,G21,j,False,"[""G21""]",graphical_agreement,"[475, 490, 575, 551]","[490, 1210, 551, 1310]",CCW90,"{""A"": 520, ""B"": 521}",P0025,B02.P01,G21,G21,0.91,high,"{""A"": [], ""B"": []}",https://api.hcportal.eu/media/4614/pc_hcp_199_pic.JPG,f50ac01e9e219b7f50d79a2373a81355ce81dbf94da43b12be1b1e7ff9a6a9ce,images/positions/C199.L02.T01.png
26,C199.L02.T02,LEFT_CCW,L02,L02.G01,2,G13,s,False,"[""G13""]",graphical_agreement,"[475, 508, 575, 569]","[508, 1210, 569, 1310]",CCW90,"{""A"": 538, ""B"": 539}",P0026,B02.P02,G13,G13,0.91,high,"{""A"": [], ""B"": []}",https://api.hcportal.eu/media/4614/pc_hcp_199_pic.JPG,f50ac01e9e219b7f50d79a2373a81355ce81dbf94da43b12be1b1e7ff9a6a9ce,images/positions/C199.L02.T02.png
27,C199.L02.T03,LEFT_CCW,L02,L02.G01,3,G03,e,False,"[""G03""]",graphical_agreement,"[475, 526, 575, 587]","[526, 1210, 587, 1310]",CCW90,"{""A"": 556, ""B"": 552}",P0027,B02.P03,G03,G03,0.91,high,"{""A"": [], ""B"": []}",https://api.hcportal.eu/media/4614/pc_hcp_199_pic.JPG,f50ac01e9e219b7f50d79a2373a81355ce81dbf94da43b12be1b1e7ff9a6a9ce,images/positions/C199.L02.T03.png
28,C199.L02.T04,LEFT_CCW,L02,L02.G01,4,G15,m,False,"[""G15""]",graphical_agreement,"[475, 548, 575, 609]","[548, 1210, 609, 1310]",CCW90,"{""A"": 578, ""B"": 576}",P0028,B02.P04,G15,G15,0.91,high,"{""A"": [], ""B"": []}",https://api.hcportal.eu/media/4614/pc_hcp_199_pic.JPG,f50ac01e9e219b7f50d79a2373a81355ce81dbf94da43b12be1b1e7ff9a6a9ce,images/positions/C199.L02.T04.png
29,C199.L02.T05,LEFT_CCW,L02,L02.G02,5,G08_N02,z,False,"[""G08_N02"", ""G08_N01""]",resolved_from_pixels,"[475, 558, 575, 659]","[558, 1210, 659, 1310]",CCW90,"{""A"": 608, ""B"": 609}",P0029,B02.P05,G08_N02,G08_N01,0.91,high,"{""A"": [], ""B"": []}",https://api.hcportal.eu/media/4614/pc_hcp_199_pic.JPG,f50ac01e9e219b7f50d79a2373a81355ce81dbf94da43b12be1b1e7ff9a6a9ce,images/positions/C199.L02.T05.png
30,C199.L02.T06,LEFT_CCW,L02,L02.G02,6,G09,a,False,"[""G09""]",graphical_agreement,"[475, 596, 575, 657]","[596, 1210, 657, 1310]",CCW90,"{""A"": 626, ""B"": 626}",P0030,B02.P06,G09,G09,0.91,high,"{""A"": [], ""B"": []}",https://api.hcportal.eu/media/4614/pc_hcp_199_pic.JPG,f50ac01e9e219b7f50d79a2373a81355ce81dbf94da43b12be1b1e7ff9a6a9ce,images/positions/C199.L02.T06.png
31,C199.L02.T07,LEFT_CCW,L02,L02.G02,7,G02,r,False,"[""G02""]",graphical_agreement,"[475, 611, 575, 679]","[611, 1210, 679, 1310]",CCW90,"{""A"": 645, ""B"": 645}",P0031,B02.P07,G02,G02,0.91,high,"{""A"": [], ""B"": []}",https://api.hcportal.eu/media/4614/pc_hcp_199_pic.JPG,f50ac01e9e219b7f50d79a2373a81355ce81dbf94da43b12be1b1e7ff9a6a9ce,images/positions/C199.L02.T07.png
32,C199.L02.T08,LEFT_CCW,L02,L02.G02,8,G04,l,False,"[""G04""]",graphical_agreement,"[475, 635, 575, 696]","[635, 1210, 696, 1310]",CCW90,"{""A"": 665, ""B"": 664}",P0032,B02.P08,G04,G04,0.91,high,"{""A"": [], ""B"": []}",https://api.hcportal.eu/media/4614/pc_hcp_199_pic.JPG,f50ac01e9e219b7f50d79a2373a81355ce81dbf94da43b12be1b1e7ff9a6a9ce,images/positions/C199.L02.T08.png
33,C199.L02.T09,LEFT_CCW,L02,L02.G02,9,G07,i,False,"[""G07""]",graphical_agreement,"[475, 654, 575, 715]","[654, 1210, 715, 1310]",CCW90,"{""A"": 684, ""B"": 682}",P0033,B02.P09,G07,G07,0.91,high,"{""A"": [], ""B"": []}",https://api.hcportal.eu/media/4614/pc_hcp_199_pic.JPG,f50ac01e9e219b7f50d79a2373a81355ce81dbf94da43b12be1b1e7ff9a6a9ce,images/positions/C199.L02.T09.png
34,C199.L02.T10,LEFT_CCW,L02,L02.G02,10,G01,v,False,"[""G01""]",graphical_agreement,"[475, 671, 575, 739]","[671, 1210, 739, 1310]",CCW90,"{""A"": 705, ""B"": 705}",P0034,B02.P10,G01,G01,0.91,high,"{""A"": [], ""B"": []}",https://api.hcportal.eu/media/4614/pc_hcp_199_pic.JPG,f50ac01e9e219b7f50d79a2373a81355ce81dbf94da43b12be1b1e7ff9a6a9ce,images/positions/C199.L02.T10.png
35,C199.L02.T11,LEFT_CCW,L02,L02.G03,11,G14,n,False,"[""G14""]",graphical_agreement,"[475, 715, 575, 776]","[715, 1210, 776, 1310]",CCW90,"{""A"": 745, ""B"": 746}",P0035,B02.P11,G14,G14,0.91,high,"{""A"": [], ""B"": []}",https://api.hcportal.eu/media/4614/pc_hcp_199_pic.JPG,f50ac01e9e219b7f50d79a2373a81355ce81dbf94da43b12be1b1e7ff9a6a9ce,images/positions/C199.L02.T11.png
36,C199.L02.T12,LEFT_CCW,L02,L02.G03,12,G09,a,False,"[""G09""]",graphical_agreement,"[475, 743, 575, 804]","[743, 1210, 804, 1310]",CCW90,"{""A"": 773, ""B"": 773}",P0036,B02.P12,G09,G09,0.91,high,"{""A"": [], ""B"": []}",https://api.hcportal.eu/media/4614/pc_hcp_199_pic.JPG,f50ac01e9e219b7f50d79a2373a81355ce81dbf94da43b12be1b1e7ff9a6a9ce,images/positions/C199.L02.T12.png
37,C199.L02.T13,LEFT_CCW,L02,L02.G04,13,G01,v,False,"[""G01""]",graphical_agreement,"[475, 783, 575, 851]","[783, 1210, 851, 1310]",CCW90,"{""A"": 813, ""B"": 817}",P0037,B02.P13,G01,G01,0.91,high,"{""A"": [], ""B"": []}",https://api.hcportal.eu/media/4614/pc_hcp_199_pic.JPG,f50ac01e9e219b7f50d79a2373a81355ce81dbf94da43b12be1b1e7ff9a6a9ce,images/positions/C199.L02.T13.png
38,C199.L02.T14,LEFT_CCW,L02,L02.G04,14,G09,a,False,"[""G09""]",graphical_agreement,"[475, 804, 575, 865]","[804, 1210, 865, 1310]",CCW90,"{""A"": 834, ""B"": 837}",P0038,B02.P14,G09,G09,0.91,high,"{""A"": [], ""B"": []}",https://api.hcportal.eu/media/4614/pc_hcp_199_pic.JPG,f50ac01e9e219b7f50d79a2373a81355ce81dbf94da43b12be1b1e7ff9a6a9ce,images/positions/C199.L02.T14.png
39,C199.L02.T15,LEFT_CCW,L02,L02.G04,15,G13,s,False,"[""G13""]",graphical_agreement,"[475, 825, 575, 886]","[825, 1210, 886, 1310]",CCW90,"{""A"": 855, ""B"": 856}",P0039,B02.P15,G13,G13,0.91,high,"{""A"": [], ""B"": []}",https://api.hcportal.eu/media/4614/pc_hcp_199_pic.JPG,f50ac01e9e219b7f50d79a2373a81355ce81dbf94da43b12be1b1e7ff9a6a9ce,images/positions/C199.L02.T15.png
40,C199.L02.T16,LEFT_CCW,L02,L02.G04,16,G07,i,False,"[""G07""]",graphical_agreement,"[475, 845, 575, 907]","[845, 1210, 907, 1310]",CCW90,"{""A"": 875, ""B"": 875}",P0040,B02.P16,G07,G07,0.91,high,"{""A"": [], ""B"": []}",https://api.hcportal.eu/media/4614/pc_hcp_199_pic.JPG,f50ac01e9e219b7f50d79a2373a81355ce81dbf94da43b12be1b1e7ff9a6a9ce,images/positions/C199.L02.T16.png
41,C199.L02.T17,LEFT_CCW,L02,L02.G05,17,G13,s,False,"[""G13""]",graphical_agreement,"[475, 888, 575, 950]","[888, 1210, 950, 1310]",CCW90,"{""A"": 919, ""B"": 920}",P0041,B02.P17,G13,G13,0.91,high,"{""A"": [], ""B"": []}",https://api.hcportal.eu/media/4614/pc_hcp_199_pic.JPG,f50ac01e9e219b7f50d79a2373a81355ce81dbf94da43b12be1b1e7ff9a6a9ce,images/positions/C199.L02.T17.png
42,C199.L02.T18,LEFT_CCW,L02,L02.G05,18,G09,a,False,"[""G09""]",graphical_agreement,"[475, 911, 575, 972]","[911, 1210, 972, 1310]",CCW90,"{""A"": 941, ""B"": 940}",P0042,B02.P18,G09,G09,0.91,high,"{""A"": [], ""B"": []}",https://api.hcportal.eu/media/4614/pc_hcp_199_pic.JPG,f50ac01e9e219b7f50d79a2373a81355ce81dbf94da43b12be1b1e7ff9a6a9ce,images/positions/C199.L02.T18.png
43,C199.L02.T19,LEFT_CCW,L02,L02.G05,19,G14,n,False,"[""G14""]",graphical_agreement,"[475, 937, 575, 998]","[937, 1210, 998, 1310]",CCW90,"{""A"": 967, ""B"": 971}",P0043,B02.P19,G14,G14,0.91,high,"{""A"": [], ""B"": []}",https://api.hcportal.eu/media/4614/pc_hcp_199_pic.JPG,f50ac01e9e219b7f50d79a2373a81355ce81dbf94da43b12be1b1e7ff9a6a9ce,images/positions/C199.L02.T19.png
44,C199.L02.T20,LEFT_CCW,L02,L02.G05,20,G07,i,False,"[""G07""]",graphical_agreement,"[475, 962, 575, 1024]","[962, 1210, 1024, 1310]",CCW90,"{""A"": 992, ""B"": 998}",P0044,B02.P20,G07,G07,0.91,high,"{""A"": [], ""B"": []}",https://api.hcportal.eu/media/4614/pc_hcp_199_pic.JPG,f50ac01e9e219b7f50d79a2373a81355ce81dbf94da43b12be1b1e7ff9a6a9ce,images/positions/C199.L02.T20.png
45,C199.L02.T21,LEFT_CCW,L02,L02.G05,21,G19,c,False,"[""G19""]",graphical_agreement,"[475, 990, 575, 1056]","[990, 1210, 1056, 1310]",CCW90,"{""A"": 1020, ""B"": 1030}",P0045,B02.P21,G19,G19,0.91,high,"{""A"": [], ""B"": []}",https://api.hcportal.eu/media/4614/pc_hcp_199_pic.JPG,f50ac01e9e219b7f50d79a2373a81355ce81dbf94da43b12be1b1e7ff9a6a9ce,images/positions/C199.L02.T21.png
46,C199.L02.T22,LEFT_CCW,L02,L02.G05,22,G07,i,False,"[""G07""]",graphical_agreement,"[475, 1016, 575, 1077]","[1016, 1210, 1077, 1310]",CCW90,"{""A"": 1046, ""B"": 1049}",P0046,B02.P22,G07,G07,0.91,high,"{""A"": [], ""B"": []}",https://api.hcportal.eu/media/4614/pc_hcp_199_pic.JPG,f50ac01e9e219b7f50d79a2373a81355ce81dbf94da43b12be1b1e7ff9a6a9ce,images/positions/C199.L02.T22.png
47,C199.L03.T01,LEFT_CCW,L03,L03.G01,1,G06,d,False,"[""G06""]",graphical_agreement,"[425, 425, 535, 494]","[425, 1250, 494, 1360]",CCW90,"{""A"": 455, ""B"": 460}",P0047,B03.P01,G06,G06,0.91,high,"{""A"": [], ""B"": []}",https://api.hcportal.eu/media/4614/pc_hcp_199_pic.JPG,f50ac01e9e219b7f50d79a2373a81355ce81dbf94da43b12be1b1e7ff9a6a9ce,images/positions/C199.L03.T01.png
48,C199.L03.T02,LEFT_CCW,L03,L03.G01,2,G11,o,False,"[""G11""]",graphical_agreement,"[425, 444, 535, 505]","[444, 1250, 505, 1360]",CCW90,"{""A"": 474, ""B"": 478}",P0048,B03.P02,G11,G11,0.91,high,"{""A"": [], ""B"": []}",https://api.hcportal.eu/media/4614/pc_hcp_199_pic.JPG,f50ac01e9e219b7f50d79a2373a81355ce81dbf94da43b12be1b1e7ff9a6a9ce,images/positions/C199.L03.T02.png
49,C199.L03.T03,LEFT_CCW,L03,L03.G01,3,G08_N01,k,False,"[""G08_N01""]",graphical_agreement,"[425, 445, 535, 546]","[445, 1250, 546, 1360]",CCW90,"{""A"": 495, ""B"": 498}",P0049,B03.P03,G08_N01,G08_N01,0.91,high,"{""A"": [], ""B"": []}",https://api.hcportal.eu/media/4614/pc_hcp_199_pic.JPG,f50ac01e9e219b7f50d79a2373a81355ce81dbf94da43b12be1b1e7ff9a6a9ce,images/positions/C199.L03.T03.png
50,C199.L03.T04,LEFT_CCW,L03,L03.G01,4,G12,u,False,"[""G12""]",graphical_agreement,"[425, 486, 535, 547]","[486, 1250, 547, 1360]",CCW90,"{""A"": 516, ""B"": 519}",P0050,B03.P04,G12,G12,0.91,high,"{""A"": [], ""B"": []}",https://api.hcportal.eu/media/4614/pc_hcp_199_pic.JPG,f50ac01e9e219b7f50d79a2373a81355ce81dbf94da43b12be1b1e7ff9a6a9ce,images/positions/C199.L03.T04.png
51,C199.L03.T05,LEFT_CCW,L03,L03.G01,5,G06,d,False,"[""G06""]",graphical_agreement,"[425, 504, 535, 572]","[504, 1250, 572, 1360]",CCW90,"{""A"": 536, ""B"": 538}",P0051,B03.P05,G06,G06,0.91,high,"{""A"": [], ""B"": []}",https://api.hcportal.eu/media/4614/pc_hcp_199_pic.JPG,f50ac01e9e219b7f50d79a2373a81355ce81dbf94da43b12be1b1e7ff9a6a9ce,images/positions/C199.L03.T05.png
52,C199.L03.T06,LEFT_CCW,L03,L03.G02,6,G21,j,False,"[""G21""]",graphical_agreement,"[425, 535, 535, 596]","[535, 1250, 596, 1360]",CCW90,"{""A"": 565, ""B"": 566}",P0052,B03.P06,G21,G21,0.91,high,"{""A"": [], ""B"": []}",https://api.hcportal.eu/media/4614/pc_hcp_199_pic.JPG,f50ac01e9e219b7f50d79a2373a81355ce81dbf94da43b12be1b1e7ff9a6a9ce,images/positions/C199.L03.T06.png
53,C199.L03.T07,LEFT_CCW,L03,L03.G02,7,G13,s,False,"[""G13""]",graphical_agreement,"[425, 555, 535, 616]","[555, 1250, 616, 1360]",CCW90,"{""A"": 585, ""B"": 582}",P0053,B03.P07,G13,G13,0.91,high,"{""A"": [], ""B"": []}",https://api.hcportal.eu/media/4614/pc_hcp_199_pic.JPG,f50ac01e9e219b7f50d79a2373a81355ce81dbf94da43b12be1b1e7ff9a6a9ce,images/positions/C199.L03.T07.png
54,C199.L03.T08,LEFT_CCW,L03,L03.G02,8,G03,e,False,"[""G03""]",graphical_agreement,"[425, 575, 535, 636]","[575, 1250, 636, 1360]",CCW90,"{""A"": 605, ""B"": 602}",P0054,B03.P08,G03,G03,0.91,high,"{""A"": [], ""B"": []}",https://api.hcportal.eu/media/4614/pc_hcp_199_pic.JPG,f50ac01e9e219b7f50d79a2373a81355ce81dbf94da43b12be1b1e7ff9a6a9ce,images/positions/C199.L03.T08.png
55,C199.L03.T09,LEFT_CCW,L03,L03.G02,9,G15,m,False,"[""G15""]",graphical_agreement,"[425, 598, 535, 659]","[598, 1250, 659, 1360]",CCW90,"{""A"": 628, ""B"": 625}",P0055,B03.P09,G15,G15,0.91,high,"{""A"": [], ""B"": []}",https://api.hcportal.eu/media/4614/pc_hcp_199_pic.JPG,f50ac01e9e219b7f50d79a2373a81355ce81dbf94da43b12be1b1e7ff9a6a9ce,images/positions/C199.L03.T09.png
56,C199.L03.T10,LEFT_CCW,L03,L03.G03,10,G14,n,False,"[""G14""]",graphical_agreement,"[425, 636, 535, 697]","[636, 1250, 697, 1360]",CCW90,"{""A"": 666, ""B"": 668}",P0056,B03.P10,G14,G14,0.91,high,"{""A"": [], ""B"": []}",https://api.hcportal.eu/media/4614/pc_hcp_199_pic.JPG,f50ac01e9e219b7f50d79a2373a81355ce81dbf94da43b12be1b1e7ff9a6a9ce,images/positions/C199.L03.T10.png
57,C199.L03.T11,LEFT_CCW,L03,L03.G03,11,G03,e,False,"[""G03""]",graphical_agreement,"[425, 660, 535, 721]","[660, 1250, 721, 1360]",CCW90,"{""A"": 690, ""B"": 691}",P0057,B03.P11,G03,G03,0.91,high,"{""A"": [], ""B"": []}",https://api.hcportal.eu/media/4614/pc_hcp_199_pic.JPG,f50ac01e9e219b7f50d79a2373a81355ce81dbf94da43b12be1b1e7ff9a6a9ce,images/positions/C199.L03.T11.png
58,C199.L03.T12,LEFT_CCW,L03,L03.G03,12,G01,v,False,"[""G01""]",graphical_agreement,"[425, 676, 535, 744]","[676, 1250, 744, 1360]",CCW90,"{""A"": 712, ""B"": 710}",P0058,B03.P12,G01,G01,0.91,high,"{""A"": [], ""B"": []}",https://api.hcportal.eu/media/4614/pc_hcp_199_pic.JPG,f50ac01e9e219b7f50d79a2373a81355ce81dbf94da43b12be1b1e7ff9a6a9ce,images/positions/C199.L03.T12.png
59,C199.L03.T13,LEFT_CCW,L03,L03.G03,13,G03,e,False,"[""G03""]",graphical_agreement,"[425, 703, 535, 764]","[703, 1250, 764, 1360]",CCW90,"{""A"": 733, ""B"": 731}",P0059,B03.P13,G03,G03,0.91,high,"{""A"": [], ""B"": []}",https://api.hcportal.eu/media/4614/pc_hcp_199_pic.JPG,f50ac01e9e219b7f50d79a2373a81355ce81dbf94da43b12be1b1e7ff9a6a9ce,images/positions/C199.L03.T13.png
60,C199.L03.T14,LEFT_CCW,L03,L03.G03,14,G06,d,False,"[""G06""]",graphical_agreement,"[425, 717, 535, 787]","[717, 1250, 787, 1360]",CCW90,"{""A"": 756, ""B"": 751}",P0060,B03.P14,G06,G06,0.91,high,"{""A"": [], ""B"": []}",https://api.hcportal.eu/media/4614/pc_hcp_199_pic.JPG,f50ac01e9e219b7f50d79a2373a81355ce81dbf94da43b12be1b1e7ff9a6a9ce,images/positions/C199.L03.T14.png
61,C199.L03.T15,LEFT_CCW,L03,L03.G03,15,G03,e,False,"[""G03""]",graphical_agreement,"[425, 744, 535, 808]","[744, 1250, 808, 1360]",CCW90,"{""A"": 777, ""B"": 770}",P0061,B03.P15,G03,G03,0.91,high,"{""A"": [], ""B"": []}",https://api.hcportal.eu/media/4614/pc_hcp_199_pic.JPG,f50ac01e9e219b7f50d79a2373a81355ce81dbf94da43b12be1b1e7ff9a6a9ce,images/positions/C199.L03.T15.png
62,C199.L03.T16,LEFT_CCW,L03,L03.G03,16,G04,l,False,"[""G04""]",graphical_agreement,"[425, 763, 535, 829]","[763, 1250, 829, 1360]",CCW90,"{""A"": 798, ""B"": 789}",P0062,B03.P16,G04,G04,0.91,high,"{""A"": [], ""B"": []}",https://api.hcportal.eu/media/4614/pc_hcp_199_pic.JPG,f50ac01e9e219b7f50d79a2373a81355ce81dbf94da43b12be1b1e7ff9a6a9ce,images/positions/C199.L03.T16.png
63,C199.L03.T18,LEFT_CCW,L03,L03.G04,18,G13,s,False,"[""G13""]",graphical_agreement,"[425, 817, 535, 880]","[817, 1250, 880, 1360]",CCW90,"{""A"": 849, ""B"": 843}",P0063,B03.P18,G13,G13,0.91,high,"{""A"": [], ""B"": []}",https://api.hcportal.eu/media/4614/pc_hcp_199_pic.JPG,f50ac01e9e219b7f50d79a2373a81355ce81dbf94da43b12be1b1e7ff9a6a9ce,images/positions/C199.L03.T18.png
64,C199.L03.T19,LEFT_CCW,L03,L03.G05,19,G08_N01,k,False,"[""G08_N01""]",graphical_agreement,"[425, 835, 535, 936]","[835, 1250, 936, 1360]",CCW90,"{""A"": 885, ""B"": 880}",P0064,B03.P19,G08_N01,G08_N01,0.91,medium,"{""A"": [], ""B"": []}",https://api.hcportal.eu/media/4614/pc_hcp_199_pic.JPG,f50ac01e9e219b7f50d79a2373a81355ce81dbf94da43b12be1b1e7ff9a6a9ce,images/positions/C199.L03.T19.png
65,C199.L03.T20,LEFT_CCW,L03,L03.G05,20,G05,y,False,"[""G05""]",graphical_agreement,"[425, 874, 535, 940]","[874, 1250, 940, 1360]",CCW90,"{""A"": 909, ""B"": 900}",P0065,B03.P20,G05,G05,0.91,high,"{""A"": [], ""B"": []}",https://api.hcportal.eu/media/4614/pc_hcp_199_pic.JPG,f50ac01e9e219b7f50d79a2373a81355ce81dbf94da43b12be1b1e7ff9a6a9ce,images/positions/C199.L03.T20.png
66,C199.L03.T21,LEFT_CCW,L03,L03.G05,21,G15,m,False,"[""G15""]",graphical_agreement,"[425, 898, 535, 965]","[898, 1250, 965, 1360]",CCW90,"{""A"": 934, ""B"": 924}",P0066,B03.P21,G15,G15,0.91,high,"{""A"": [], ""B"": []}",https://api.hcportal.eu/media/4614/pc_hcp_199_pic.JPG,f50ac01e9e219b7f50d79a2373a81355ce81dbf94da43b12be1b1e7ff9a6a9ce,images/positions/C199.L03.T21.png
67,C199.L03.T22,LEFT_CCW,L03,L03.G06,22,G21,j,False,"[""G21""]",graphical_agreement,"[425, 929, 535, 1002]","[929, 1250, 1002, 1360]",CCW90,"{""A"": 971, ""B"": 955}",P0067,B03.P22,G21,G21,0.91,high,"{""A"": [], ""B"": []}",https://api.hcportal.eu/media/4614/pc_hcp_199_pic.JPG,f50ac01e9e219b7f50d79a2373a81355ce81dbf94da43b12be1b1e7ff9a6a9ce,images/positions/C199.L03.T22.png
68,C199.L03.T23,LEFT_CCW,L03,L03.G06,23,G13,s,False,"[""G13""]",graphical_agreement,"[425, 949, 535, 1021]","[949, 1250, 1021, 1360]",CCW90,"{""A"": 990, ""B"": 975}",P0068,B03.P23,G13,G13,0.91,high,"{""A"": [], ""B"": []}",https://api.hcportal.eu/media/4614/pc_hcp_199_pic.JPG,f50ac01e9e219b7f50d79a2373a81355ce81dbf94da43b12be1b1e7ff9a6a9ce,images/positions/C199.L03.T23.png
69,C199.L03.T24,LEFT_CCW,L03,L03.G06,24,G07,i,False,"[""G07""]",graphical_agreement,"[425, 968, 535, 1043]","[968, 1250, 1043, 1360]",CCW90,"{""A"": 1012, ""B"": 994}",P0069,B03.P24,G07,G07,0.91,high,"{""A"": [], ""B"": []}",https://api.hcportal.eu/media/4614/pc_hcp_199_pic.JPG,f50ac01e9e219b7f50d79a2373a81355ce81dbf94da43b12be1b1e7ff9a6a9ce,images/positions/C199.L03.T24.png
70,C199.L03.T25,LEFT_CCW,L03,L03.G07,25,G21,j,False,"[""G21""]",graphical_agreement,"[425, 1004, 535, 1076]","[1004, 1250, 1076, 1360]",CCW90,"{""A"": 1045, ""B"": 1033}",P0070,B03.P25,G21,G21,0.91,high,"{""A"": [], ""B"": []}",https://api.hcportal.eu/media/4614/pc_hcp_199_pic.JPG,f50ac01e9e219b7f50d79a2373a81355ce81dbf94da43b12be1b1e7ff9a6a9ce,images/positions/C199.L03.T25.png
71,C199.L03.T26,LEFT_CCW,L03,L03.G07,26,G03,e,False,"[""G03""]",graphical_agreement,"[425, 1028, 535, 1098]","[1028, 1250, 1098, 1360]",CCW90,"{""A"": 1067, ""B"": 1054}",P0071,B03.P26,G03,G03,0.91,high,"{""A"": [], ""B"": []}",https://api.hcportal.eu/media/4614/pc_hcp_199_pic.JPG,f50ac01e9e219b7f50d79a2373a81355ce81dbf94da43b12be1b1e7ff9a6a9ce,images/positions/C199.L03.T26.png
72,C199.L03.T27,LEFT_CCW,L03,L03.G07,27,G04,l,False,"[""G04""]",graphical_agreement,"[425, 1049, 535, 1119]","[1049, 1250, 1119, 1360]",CCW90,"{""A"": 1088, ""B"": 1075}",P0072,B03.P27,G04,G04,0.91,high,"{""A"": [], ""B"": []}",https://api.hcportal.eu/media/4614/pc_hcp_199_pic.JPG,f50ac01e9e219b7f50d79a2373a81355ce81dbf94da43b12be1b1e7ff9a6a9ce,images/positions/C199.L03.T27.png
73,C199.L03.T28,LEFT_CCW,L03,L03.G07,28,G09,a,False,"[""G09""]",graphical_agreement,"[425, 1066, 535, 1140]","[1066, 1250, 1140, 1360]",CCW90,"{""A"": 1109, ""B"": 1092}",P0073,B03.P28,G09,G09,0.91,high,"{""A"": [], ""B"": []}",https://api.hcportal.eu/media/4614/pc_hcp_199_pic.JPG,f50ac01e9e219b7f50d79a2373a81355ce81dbf94da43b12be1b1e7ff9a6a9ce,images/positions/C199.L03.T28.png
74,C199.L04.T01,LEFT_CCW,L04,L04.G01,1,G01,v,False,"[""G01""]",graphical_agreement,"[385, 367, 490, 438]","[367, 1295, 438, 1400]",CCW90,"{""A"": 397, ""B"": 404}",P0074,B04.P01,G01,G01,0.91,high,"{""A"": [], ""B"": []}",https://api.hcportal.eu/media/4614/pc_hcp_199_pic.JPG,f50ac01e9e219b7f50d79a2373a81355ce81dbf94da43b12be1b1e7ff9a6a9ce,images/positions/C199.L04.T01.png
75,C199.L04.T02,LEFT_CCW,L04,L04.G01,2,G20,p,False,"[""G20""]",graphical_agreement,"[385, 392, 490, 468]","[392, 1295, 468, 1400]",CCW90,"{""A"": 422, ""B"": 434}",P0075,B04.P02,G20,G20,0.91,high,"{""A"": [], ""B"": []}",https://api.hcportal.eu/media/4614/pc_hcp_199_pic.JPG,f50ac01e9e219b7f50d79a2373a81355ce81dbf94da43b12be1b1e7ff9a6a9ce,images/positions/C199.L04.T02.png
76,C199.L04.T03,LEFT_CCW,L04,L04.G01,3,G04,l,False,"[""G04""]",graphical_agreement,"[385, 411, 490, 477]","[411, 1295, 477, 1400]",CCW90,"{""A"": 441, ""B"": 451}",P0076,B04.P03,G04,G04,0.91,high,"{""A"": [], ""B"": []}",https://api.hcportal.eu/media/4614/pc_hcp_199_pic.JPG,f50ac01e9e219b7f50d79a2373a81355ce81dbf94da43b12be1b1e7ff9a6a9ce,images/positions/C199.L04.T03.png
77,C199.L04.T04,LEFT_CCW,L04,L04.G01,4,G03,e,False,"[""G03""]",graphical_agreement,"[385, 432, 490, 496]","[432, 1295, 496, 1400]",CCW90,"{""A"": 462, ""B"": 470}",P0077,B04.P04,G03,G03,0.91,high,"{""A"": [], ""B"": []}",https://api.hcportal.eu/media/4614/pc_hcp_199_pic.JPG,f50ac01e9e219b7f50d79a2373a81355ce81dbf94da43b12be1b1e7ff9a6a9ce,images/positions/C199.L04.T04.png
78,C199.L04.T05,LEFT_CCW,L04,L04.G01,5,G13,s,False,"[""G13""]",graphical_agreement,"[385, 452, 490, 515]","[452, 1295, 515, 1400]",CCW90,"{""A"": 482, ""B"": 489}",P0078,B04.P05,G13,G13,0.91,high,"{""A"": [], ""B"": []}",https://api.hcportal.eu/media/4614/pc_hcp_199_pic.JPG,f50ac01e9e219b7f50d79a2373a81355ce81dbf94da43b12be1b1e7ff9a6a9ce,images/positions/C199.L04.T05.png
79,C199.L04.T06,LEFT_CCW,L04,L04.G01,6,G12,u,False,"[""G12""]",graphical_agreement,"[385, 472, 490, 537]","[472, 1295, 537, 1400]",CCW90,"{""A"": 502, ""B"": 508}",P0079,B04.P06,G12,G12,0.91,high,"{""A"": [], ""B"": []}",https://api.hcportal.eu/media/4614/pc_hcp_199_pic.JPG,f50ac01e9e219b7f50d79a2373a81355ce81dbf94da43b12be1b1e7ff9a6a9ce,images/positions/C199.L04.T06.png
80,C199.L04.T07,LEFT_CCW,L04,L04.G02,7,G13,s,False,"[""G13""]",graphical_agreement,"[385, 512, 490, 573]","[512, 1295, 573, 1400]",CCW90,"{""A"": 542, ""B"": 547}",P0080,B04.P07,G13,G13,0.91,high,"{""A"": [], ""B"": []}",https://api.hcportal.eu/media/4614/pc_hcp_199_pic.JPG,f50ac01e9e219b7f50d79a2373a81355ce81dbf94da43b12be1b1e7ff9a6a9ce,images/positions/C199.L04.T07.png
81,C199.L04.T08,LEFT_CCW,L04,L04.G02,8,G03,e,False,"[""G03""]",graphical_agreement,"[385, 530, 490, 591]","[530, 1295, 591, 1400]",CCW90,"{""A"": 560, ""B"": 565}",P0081,B04.P08,G03,G03,0.91,high,"{""A"": [], ""B"": []}",https://api.hcportal.eu/media/4614/pc_hcp_199_pic.JPG,f50ac01e9e219b7f50d79a2373a81355ce81dbf94da43b12be1b1e7ff9a6a9ce,images/positions/C199.L04.T08.png
82,C199.L04.T09,LEFT_CCW,L04,L04.G02,9,G15,m,False,"[""G15""]",graphical_agreement,"[385, 554, 490, 615]","[554, 1295, 615, 1400]",CCW90,"{""A"": 584, ""B"": 585}",P0082,B04.P09,G15,G15,0.91,high,"{""A"": [], ""B"": []}",https://api.hcportal.eu/media/4614/pc_hcp_199_pic.JPG,f50ac01e9e219b7f50d79a2373a81355ce81dbf94da43b12be1b1e7ff9a6a9ce,images/positions/C199.L04.T09.png
83,C199.L04.T10,LEFT_CCW,L04,L04.G03,10,G14,n,False,"[""G14""]",graphical_agreement,"[385, 591, 490, 652]","[591, 1295, 652, 1400]",CCW90,"{""A"": 621, ""B"": 623}",P0083,B04.P10,G14,G14,0.91,high,"{""A"": [], ""B"": []}",https://api.hcportal.eu/media/4614/pc_hcp_199_pic.JPG,f50ac01e9e219b7f50d79a2373a81355ce81dbf94da43b12be1b1e7ff9a6a9ce,images/positions/C199.L04.T10.png
84,C199.L04.T11,LEFT_CCW,L04,L04.G03,11,G03,e,False,"[""G03""]",graphical_agreement,"[385, 614, 490, 675]","[614, 1295, 675, 1400]",CCW90,"{""A"": 644, ""B"": 644}",P0084,B04.P11,G03,G03,0.91,high,"{""A"": [], ""B"": []}",https://api.hcportal.eu/media/4614/pc_hcp_199_pic.JPG,f50ac01e9e219b7f50d79a2373a81355ce81dbf94da43b12be1b1e7ff9a6a9ce,images/positions/C199.L04.T11.png
85,C199.L04.T12,LEFT_CCW,L04,L04.G03,12,G17,b,False,"[""G17""]",graphical_agreement,"[385, 631, 490, 699]","[631, 1295, 699, 1400]",CCW90,"{""A"": 665, ""B"": 665}",P0085,B04.P12,G17,G17,0.91,high,"{""A"": [], ""B"": []}",https://api.hcportal.eu/media/4614/pc_hcp_199_pic.JPG,f50ac01e9e219b7f50d79a2373a81355ce81dbf94da43b12be1b1e7ff9a6a9ce,images/positions/C199.L04.T12.png
86,C199.L04.T13,LEFT_CCW,L04,L04.G03,13,G05,y,False,"[""G05""]",graphical_agreement,"[385, 659, 490, 720]","[659, 1295, 720, 1400]",CCW90,"{""A"": 689, ""B"": 686}",P0086,B04.P13,G05,G05,0.91,high,"{""A"": [], ""B"": []}",https://api.hcportal.eu/media/4614/pc_hcp_199_pic.JPG,f50ac01e9e219b7f50d79a2373a81355ce81dbf94da43b12be1b1e7ff9a6a9ce,images/positions/C199.L04.T13.png
87,C199.L04.T14,LEFT_CCW,L04,L04.G03,14,G04,l,False,"[""G04""]",graphical_agreement,"[385, 680, 490, 743]","[680, 1295, 743, 1400]",CCW90,"{""A"": 712, ""B"": 706}",P0087,B04.P14,G04,G04,0.91,high,"{""A"": [], ""B"": []}",https://api.hcportal.eu/media/4614/pc_hcp_199_pic.JPG,f50ac01e9e219b7f50d79a2373a81355ce81dbf94da43b12be1b1e7ff9a6a9ce,images/positions/C199.L04.T14.png
88,C199.L04.T16,LEFT_CCW,L04,L04.G04,16,G09,a,False,"[""G09""]",graphical_agreement,"[385, 740, 490, 801]","[740, 1295, 801, 1400]",CCW90,"{""A"": 770, ""B"": 766}",P0088,B04.P16,G09,G09,0.91,high,"{""A"": [], ""B"": []}",https://api.hcportal.eu/media/4614/pc_hcp_199_pic.JPG,f50ac01e9e219b7f50d79a2373a81355ce81dbf94da43b12be1b1e7ff9a6a9ce,images/positions/C199.L04.T16.png
89,C199.L04.T17,LEFT_CCW,L04,L04.G04,17,G19,c,False,"[""G19""]",graphical_agreement,"[385, 760, 490, 828]","[760, 1295, 828, 1400]",CCW90,"{""A"": 797, ""B"": 786}",P0089,B04.P17,G19,G19,0.91,high,"{""A"": [], ""B"": []}",https://api.hcportal.eu/media/4614/pc_hcp_199_pic.JPG,f50ac01e9e219b7f50d79a2373a81355ce81dbf94da43b12be1b1e7ff9a6a9ce,images/positions/C199.L04.T17.png
90,C199.L04.T18,LEFT_CCW,L04,L04.G05,18,G01,v,False,"[""G01""]",graphical_agreement,"[385, 793, 490, 862]","[793, 1295, 862, 1400]",CCW90,"{""A"": 831, ""B"": 827}",P0090,B04.P18,G01,G01,0.91,high,"{""A"": [], ""B"": []}",https://api.hcportal.eu/media/4614/pc_hcp_199_pic.JPG,f50ac01e9e219b7f50d79a2373a81355ce81dbf94da43b12be1b1e7ff9a6a9ce,images/positions/C199.L04.T18.png
91,C199.L04.T19,LEFT_CCW,L04,L04.G05,19,G05,y,False,"[""G05""]",graphical_agreement,"[385, 821, 490, 882]","[821, 1295, 882, 1400]",CCW90,"{""A"": 851, ""B"": 848}",P0091,B04.P19,G05,G05,0.91,high,"{""A"": [], ""B"": []}",https://api.hcportal.eu/media/4614/pc_hcp_199_pic.JPG,f50ac01e9e219b7f50d79a2373a81355ce81dbf94da43b12be1b1e7ff9a6a9ce,images/positions/C199.L04.T19.png
92,C199.L04.T20,LEFT_CCW,L04,L04.G05,20,G17,b,False,"[""G17""]",graphical_agreement,"[385, 834, 490, 907]","[834, 1295, 907, 1400]",CCW90,"{""A"": 876, ""B"": 868}",P0092,B04.P20,G17,G17,0.91,high,"{""A"": [], ""B"": []}",https://api.hcportal.eu/media/4614/pc_hcp_199_pic.JPG,f50ac01e9e219b7f50d79a2373a81355ce81dbf94da43b12be1b1e7ff9a6a9ce,images/positions/C199.L04.T20.png
93,C199.L04.T21,LEFT_CCW,L04,L04.G05,21,G11,o,False,"[""G11""]",graphical_agreement,"[385, 864, 490, 930]","[864, 1295, 930, 1400]",CCW90,"{""A"": 899, ""B"": 890}",P0093,B04.P21,G11,G11,0.91,high,"{""A"": [], ""B"": []}",https://api.hcportal.eu/media/4614/pc_hcp_199_pic.JPG,f50ac01e9e219b7f50d79a2373a81355ce81dbf94da43b12be1b1e7ff9a6a9ce,images/positions/C199.L04.T21.png
94,C199.L04.T22,LEFT_CCW,L04,L04.G05,22,G02,r,False,"[""G02""]",graphical_agreement,"[385, 884, 490, 952]","[884, 1295, 952, 1400]",CCW90,"{""A"": 920, ""B"": 918}",P0094,B04.P22,G02,G02,0.91,high,"{""A"": [], ""B"": []}",https://api.hcportal.eu/media/4614/pc_hcp_199_pic.JPG,f50ac01e9e219b7f50d79a2373a81355ce81dbf94da43b12be1b1e7ff9a6a9ce,images/positions/C199.L04.T22.png
95,C199.L04.T23,LEFT_CCW,L04,L04.G05,23,G07,i,False,"[""G07""]",graphical_agreement,"[385, 914, 490, 977]","[914, 1295, 977, 1400]",CCW90,"{""A"": 944, ""B"": 946}",P0095,B04.P23,G07,G07,0.91,high,"{""A"": [], ""B"": []}",https://api.hcportal.eu/media/4614/pc_hcp_199_pic.JPG,f50ac01e9e219b7f50d79a2373a81355ce81dbf94da43b12be1b1e7ff9a6a9ce,images/positions/C199.L04.T23.png
96,C199.L04.T24,LEFT_CCW,L04,L04.G06,24,G20,p,False,"[""G20""]",graphical_agreement,"[385, 955, 490, 1023]","[955, 1295, 1023, 1400]",CCW90,"{""A"": 985, ""B"": 989}",P0096,B04.P24,G20,G20,0.91,high,"{""A"": [], ""B"": []}",https://api.hcportal.eu/media/4614/pc_hcp_199_pic.JPG,f50ac01e9e219b7f50d79a2373a81355ce81dbf94da43b12be1b1e7ff9a6a9ce,images/positions/C199.L04.T24.png
97,C199.L04.T25,LEFT_CCW,L04,L04.G06,25,G02,r,False,"[""G02""]",graphical_agreement,"[385, 976, 490, 1047]","[976, 1295, 1047, 1400]",CCW90,"{""A"": 1006, ""B"": 1013}",P0097,B04.P25,G02,G02,0.91,high,"{""A"": [], ""B"": []}",https://api.hcportal.eu/media/4614/pc_hcp_199_pic.JPG,f50ac01e9e219b7f50d79a2373a81355ce81dbf94da43b12be1b1e7ff9a6a9ce,images/positions/C199.L04.T25.png
98,C199.L04.T26,LEFT_CCW,L04,L04.G06,26,G07,i,False,"[""G07""]",graphical_agreement,"[385, 1000, 490, 1062]","[1000, 1295, 1062, 1400]",CCW90,"{""A"": 1030, ""B"": 1036}",P0098,B04.P26,G07,G07,0.91,high,"{""A"": [], ""B"": []}",https://api.hcportal.eu/media/4614/pc_hcp_199_pic.JPG,f50ac01e9e219b7f50d79a2373a81355ce81dbf94da43b12be1b1e7ff9a6a9ce,images/positions/C199.L04.T26.png
99,C199.L04.T27,LEFT_CCW,L04,L04.G06,27,G13,s,False,"[""G13""]",graphical_agreement,"[385, 1021, 490, 1082]","[1021, 1295, 1082, 1400]",CCW90,"{""A"": 1051, ""B"": 1054}",P0099,B04.P27,G13,G13,0.91,high,"{""A"": [], ""B"": []}",https://api.hcportal.eu/media/4614/pc_hcp_199_pic.JPG,f50ac01e9e219b7f50d79a2373a81355ce81dbf94da43b12be1b1e7ff9a6a9ce,images/positions/C199.L04.T27.png
100,C199.L04.T28,LEFT_CCW,L04,L04.G06,28,G04,l,False,"[""G04""]",graphical_agreement,"[385, 1043, 490, 1104]","[1043, 1295, 1104, 1400]",CCW90,"{""A"": 1073, ""B"": 1073}",P0100,B04.P28,G04,G04,0.91,high,"{""A"": [], ""B"": []}",https://api.hcportal.eu/media/4614/pc_hcp_199_pic.JPG,f50ac01e9e219b7f50d79a2373a81355ce81dbf94da43b12be1b1e7ff9a6a9ce,images/positions/C199.L04.T28.png
101,C199.L04.T29,LEFT_CCW,L04,L04.G06,29,G07,i,False,"[""G07""]",graphical_agreement,"[385, 1065, 490, 1126]","[1065, 1295, 1126, 1400]",CCW90,"{""A"": 1095, ""B"": 1094}",P0101,B04.P29,G07,G07,0.91,high,"{""A"": [], ""B"": []}",https://api.hcportal.eu/media/4614/pc_hcp_199_pic.JPG,f50ac01e9e219b7f50d79a2373a81355ce81dbf94da43b12be1b1e7ff9a6a9ce,images/positions/C199.L04.T29.png
102,C199.L05.T01,LEFT_CCW,L05,L05.G01,1,G21,j,False,"[""G21""]",graphical_agreement,"[330, 335, 445, 396]","[335, 1340, 396, 1455]",CCW90,"{""A"": 365, ""B"": 367}",P0102,B05.P01,G21,G21,0.91,high,"{""A"": [], ""B"": []}",https://api.hcportal.eu/media/4614/pc_hcp_199_pic.JPG,f50ac01e9e219b7f50d79a2373a81355ce81dbf94da43b12be1b1e7ff9a6a9ce,images/positions/C199.L05.T01.png
103,C199.L05.T02,LEFT_CCW,L05,L05.G01,2,G03,e,False,"[""G03""]",graphical_agreement,"[330, 354, 445, 415]","[354, 1340, 415, 1455]",CCW90,"{""A"": 384, ""B"": 384}",P0103,B05.P02,G03,G03,0.91,high,"{""A"": [], ""B"": []}",https://api.hcportal.eu/media/4614/pc_hcp_199_pic.JPG,f50ac01e9e219b7f50d79a2373a81355ce81dbf94da43b12be1b1e7ff9a6a9ce,images/positions/C199.L05.T02.png
104,C199.L05.T03,LEFT_CCW,L05,L05.G01,3,G13,s,False,"[""G13""]",graphical_agreement,"[330, 375, 445, 436]","[375, 1340, 436, 1455]",CCW90,"{""A"": 405, ""B"": 402}",P0104,B05.P03,G13,G13,0.91,high,"{""A"": [], ""B"": []}",https://api.hcportal.eu/media/4614/pc_hcp_199_pic.JPG,f50ac01e9e219b7f50d79a2373a81355ce81dbf94da43b12be1b1e7ff9a6a9ce,images/positions/C199.L05.T03.png
105,C199.L05.T04,LEFT_CCW,L05,L05.G01,4,G18,t,False,"[""G18""]",graphical_agreement,"[330, 390, 445, 458]","[390, 1340, 458, 1455]",CCW90,"{""A"": 425, ""B"": 424}",P0105,B05.P04,G18,G18,0.91,high,"{""A"": [], ""B"": []}",https://api.hcportal.eu/media/4614/pc_hcp_199_pic.JPG,f50ac01e9e219b7f50d79a2373a81355ce81dbf94da43b12be1b1e7ff9a6a9ce,images/positions/C199.L05.T04.png
106,C199.L05.T05,LEFT_CCW,L05,L05.G01,5,G03,e,False,"[""G03""]",graphical_agreement,"[330, 415, 445, 476]","[415, 1340, 476, 1455]",CCW90,"{""A"": 445, ""B"": 442}",P0106,B05.P05,G03,G03,0.91,high,"{""A"": [], ""B"": []}",https://api.hcportal.eu/media/4614/pc_hcp_199_pic.JPG,f50ac01e9e219b7f50d79a2373a81355ce81dbf94da43b12be1b1e7ff9a6a9ce,images/positions/C199.L05.T05.png
107,C199.L05.T06,LEFT_CCW,L05,L05.G02,6,G01,v,False,"[""G01""]",graphical_agreement,"[330, 445, 445, 516]","[445, 1340, 516, 1455]",CCW90,"{""A"": 485, ""B"": 479}",P0107,B05.P06,G01,G01,0.91,high,"{""A"": [], ""B"": []}",https://api.hcportal.eu/media/4614/pc_hcp_199_pic.JPG,f50ac01e9e219b7f50d79a2373a81355ce81dbf94da43b12be1b1e7ff9a6a9ce,images/positions/C199.L05.T06.png
108,C199.L05.T07,LEFT_CCW,L05,L05.G03,7,G20,p,False,"[""G20""]",graphical_agreement,"[330, 481, 445, 550]","[481, 1340, 550, 1455]",CCW90,"{""A"": 519, ""B"": 515}",P0108,B05.P07,G20,G20,0.91,high,"{""A"": [], ""B"": []}",https://api.hcportal.eu/media/4614/pc_hcp_199_pic.JPG,f50ac01e9e219b7f50d79a2373a81355ce81dbf94da43b12be1b1e7ff9a6a9ce,images/positions/C199.L05.T07.png
109,C199.L05.T08,LEFT_CCW,L05,L05.G03,8,G11,o,False,"[""G11""]",graphical_agreement,"[330, 506, 445, 569]","[506, 1340, 569, 1455]",CCW90,"{""A"": 538, ""B"": 532}",P0109,B05.P08,G11,G11,0.91,high,"{""A"": [], ""B"": []}",https://api.hcportal.eu/media/4614/pc_hcp_199_pic.JPG,f50ac01e9e219b7f50d79a2373a81355ce81dbf94da43b12be1b1e7ff9a6a9ce,images/positions/C199.L05.T08.png
110,C199.L05.T09,LEFT_CCW,L05,L05.G03,9,G13,s,False,"[""G13""]",graphical_agreement,"[330, 524, 445, 588]","[524, 1340, 588, 1455]",CCW90,"{""A"": 557, ""B"": 550}",P0110,B05.P09,G13,G13,0.91,high,"{""A"": [], ""B"": []}",https://api.hcportal.eu/media/4614/pc_hcp_199_pic.JPG,f50ac01e9e219b7f50d79a2373a81355ce81dbf94da43b12be1b1e7ff9a6a9ce,images/positions/C199.L05.T09.png
111,C199.L05.T10,LEFT_CCW,L05,L05.G03,10,G04,l,False,"[""G04""]",graphical_agreement,"[330, 541, 445, 609]","[541, 1340, 609, 1455]",CCW90,"{""A"": 578, ""B"": 567}",P0111,B05.P10,G04,G04,0.91,high,"{""A"": [], ""B"": []}",https://api.hcportal.eu/media/4614/pc_hcp_199_pic.JPG,f50ac01e9e219b7f50d79a2373a81355ce81dbf94da43b12be1b1e7ff9a6a9ce,images/positions/C199.L05.T10.png
112,C199.L05.T11,LEFT_CCW,L05,L05.G03,11,G03,e,False,"[""G03""]",graphical_agreement,"[330, 560, 445, 630]","[560, 1340, 630, 1455]",CCW90,"{""A"": 599, ""B"": 586}",P0112,B05.P11,G03,G03,0.91,high,"{""A"": [], ""B"": []}",https://api.hcportal.eu/media/4614/pc_hcp_199_pic.JPG,f50ac01e9e219b7f50d79a2373a81355ce81dbf94da43b12be1b1e7ff9a6a9ce,images/positions/C199.L05.T11.png
113,C199.L05.T12,LEFT_CCW,L05,L05.G03,12,G06,d,False,"[""G06""]",graphical_agreement,"[330, 576, 445, 651]","[576, 1340, 651, 1455]",CCW90,"{""A"": 620, ""B"": 610}",P0113,B05.P12,G06,G06,0.91,high,"{""A"": [], ""B"": []}",https://api.hcportal.eu/media/4614/pc_hcp_199_pic.JPG,f50ac01e9e219b7f50d79a2373a81355ce81dbf94da43b12be1b1e7ff9a6a9ce,images/positions/C199.L05.T12.png
114,C199.L05.T13,LEFT_CCW,L05,L05.G03,13,G14,n,False,"[""G14""]",graphical_agreement,"[330, 606, 445, 677]","[606, 1340, 677, 1455]",CCW90,"{""A"": 646, ""B"": 632}",P0114,B05.P13,G14,G14,0.91,high,"{""A"": [], ""B"": []}",https://api.hcportal.eu/media/4614/pc_hcp_199_pic.JPG,f50ac01e9e219b7f50d79a2373a81355ce81dbf94da43b12be1b1e7ff9a6a9ce,images/positions/C199.L05.T13.png
115,C199.L05.T14,LEFT_CCW,L05,L05.G03,14,G07,i,False,"[""G07""]",graphical_agreement,"[330, 627, 445, 700]","[627, 1340, 700, 1455]",CCW90,"{""A"": 669, ""B"": 653}",P0115,B05.P14,G07,G07,0.91,high,"{""A"": [], ""B"": []}",https://api.hcportal.eu/media/4614/pc_hcp_199_pic.JPG,f50ac01e9e219b7f50d79a2373a81355ce81dbf94da43b12be1b1e7ff9a6a9ce,images/positions/C199.L05.T14.png
116,C199.L05.T15,LEFT_CCW,L05,L05.G04,15,G10_CAP,ch,False,"[""G10_CAP""]",complete_marked_template_match,"[330, 666, 445, 728]","[666, 1340, 728, 1455]",CCW90,"{""A"": 697, ""B"": 697}",P0116,B05.P15,G10_CAP,G10_CAP,0.91,high,"{""A"": [{""geometry"": ""Paired low arch/roof above short-shoulder body; matches neutral G10_CAP examples."", ""ownership_confidence"": 0.93}], ""B"": [{""geometry"": ""Detached or near-detached overhead chevron/roof with two sloping wings"", ""type"": ""overhead_cap_in_frozen_fullform_template"", ""ownership_confidence"": ""high"", ""semantic_value"": null}]}",https://api.hcportal.eu/media/4614/pc_hcp_199_pic.JPG,f50ac01e9e219b7f50d79a2373a81355ce81dbf94da43b12be1b1e7ff9a6a9ce,images/positions/C199.L05.T15.png
117,C199.L05.T16,LEFT_CCW,L05,L05.G04,16,G01,v,False,"[""G01""]",graphical_agreement,"[330, 684, 445, 752]","[684, 1340, 752, 1455]",CCW90,"{""A"": 720, ""B"": 718}",P0117,B05.P16,G01,G01,0.91,high,"{""A"": [], ""B"": []}",https://api.hcportal.eu/media/4614/pc_hcp_199_pic.JPG,f50ac01e9e219b7f50d79a2373a81355ce81dbf94da43b12be1b1e7ff9a6a9ce,images/positions/C199.L05.T16.png
118,C199.L05.T17,LEFT_CCW,L05,L05.G04,17,G07,i,False,"[""G07""]",graphical_agreement,"[330, 712, 445, 774]","[712, 1340, 774, 1455]",CCW90,"{""A"": 743, ""B"": 738}",P0118,B05.P17,G07,G07,0.91,high,"{""A"": [], ""B"": []}",https://api.hcportal.eu/media/4614/pc_hcp_199_pic.JPG,f50ac01e9e219b7f50d79a2373a81355ce81dbf94da43b12be1b1e7ff9a6a9ce,images/positions/C199.L05.T17.png
119,C199.L05.T18,LEFT_CCW,L05,L05.G04,18,G04,l,False,"[""G04""]",graphical_agreement,"[330, 733, 445, 794]","[733, 1340, 794, 1455]",CCW90,"{""A"": 763, ""B"": 760}",P0119,B05.P18,G04,G04,0.91,high,"{""A"": [], ""B"": []}",https://api.hcportal.eu/media/4614/pc_hcp_199_pic.JPG,f50ac01e9e219b7f50d79a2373a81355ce81dbf94da43b12be1b1e7ff9a6a9ce,images/positions/C199.L05.T18.png
120,C199.L05.T19,LEFT_CCW,L05,L05.G04,19,G07,i,False,"[""G07""]",graphical_agreement,"[330, 755, 445, 816]","[755, 1340, 816, 1455]",CCW90,"{""A"": 785, ""B"": 781}",P0120,B05.P19,G07,G07,0.91,high,"{""A"": [], ""B"": []}",https://api.hcportal.eu/media/4614/pc_hcp_199_pic.JPG,f50ac01e9e219b7f50d79a2373a81355ce81dbf94da43b12be1b1e7ff9a6a9ce,images/positions/C199.L05.T19.png
121,C199.L05.T20,LEFT_CCW,L05,L05.G05,20,G01,v,False,"[""G01""]",graphical_agreement,"[330, 796, 445, 864]","[796, 1340, 864, 1455]",CCW90,"{""A"": 831, ""B"": 830}",P0121,B05.P20,G01,G01,0.91,high,"{""A"": [], ""B"": []}",https://api.hcportal.eu/media/4614/pc_hcp_199_pic.JPG,f50ac01e9e219b7f50d79a2373a81355ce81dbf94da43b12be1b1e7ff9a6a9ce,images/positions/C199.L05.T20.png
122,C199.L05.T21,LEFT_CCW,L05,L05.G05,21,G03,e,False,"[""G03""]",graphical_agreement,"[330, 822, 445, 883]","[822, 1340, 883, 1455]",CCW90,"{""A"": 852, ""B"": 851}",P0122,B05.P21,G03,G03,0.91,high,"{""A"": [], ""B"": []}",https://api.hcportal.eu/media/4614/pc_hcp_199_pic.JPG,f50ac01e9e219b7f50d79a2373a81355ce81dbf94da43b12be1b1e7ff9a6a9ce,images/positions/C199.L05.T21.png
123,C199.L05.T22,LEFT_CCW,L05,L05.G05,22,G19,c,False,"[""G19""]",graphical_agreement,"[330, 843, 445, 904]","[843, 1340, 904, 1455]",CCW90,"{""A"": 873, ""B"": 875}",P0123,B05.P22,G19,G19,0.91,high,"{""A"": [], ""B"": []}",https://api.hcportal.eu/media/4614/pc_hcp_199_pic.JPG,f50ac01e9e219b7f50d79a2373a81355ce81dbf94da43b12be1b1e7ff9a6a9ce,images/positions/C199.L05.T22.png
124,C199.L05.T23,LEFT_CCW,L05,L05.G05,23,G03,e,False,"[""G03""]",graphical_agreement,"[330, 868, 445, 929]","[868, 1340, 929, 1455]",CCW90,"{""A"": 898, ""B"": 897}",P0124,B05.P23,G03,G03,0.91,high,"{""A"": [], ""B"": []}",https://api.hcportal.eu/media/4614/pc_hcp_199_pic.JPG,f50ac01e9e219b7f50d79a2373a81355ce81dbf94da43b12be1b1e7ff9a6a9ce,images/positions/C199.L05.T23.png
125,C199.L05.T24,LEFT_CCW,L05,L05.G05,24,G02,r,False,"[""G02""]",graphical_agreement,"[330, 889, 445, 957]","[889, 1340, 957, 1455]",CCW90,"{""A"": 923, ""B"": 923}",P0125,B05.P24,G02,G02,0.91,high,"{""A"": [], ""B"": []}",https://api.hcportal.eu/media/4614/pc_hcp_199_pic.JPG,f50ac01e9e219b7f50d79a2373a81355ce81dbf94da43b12be1b1e7ff9a6a9ce,images/positions/C199.L05.T24.png
126,C199.L05.T25,LEFT_CCW,L05,L05.G06,25,G01,v,False,"[""G01""]",graphical_agreement,"[330, 937, 445, 1005]","[937, 1340, 1005, 1455]",CCW90,"{""A"": 972, ""B"": 971}",P0126,B05.P25,G01,G01,0.91,high,"{""A"": [], ""B"": []}",https://api.hcportal.eu/media/4614/pc_hcp_199_pic.JPG,f50ac01e9e219b7f50d79a2373a81355ce81dbf94da43b12be1b1e7ff9a6a9ce,images/positions/C199.L05.T25.png
127,C199.L05.T26,LEFT_CCW,L05,L05.G07,26,G13,s,False,"[""G13""]",graphical_agreement,"[330, 970, 445, 1031]","[970, 1340, 1031, 1455]",CCW90,"{""A"": 1000, ""B"": 1004}",P0127,B05.P26,G13,G13,0.91,high,"{""A"": [], ""B"": []}",https://api.hcportal.eu/media/4614/pc_hcp_199_pic.JPG,f50ac01e9e219b7f50d79a2373a81355ce81dbf94da43b12be1b1e7ff9a6a9ce,images/positions/C199.L05.T26.png
128,C199.L05.T27,LEFT_CCW,L05,L05.G07,27,G11,o,False,"[""G11""]",graphical_agreement,"[330, 989, 445, 1050]","[989, 1340, 1050, 1455]",CCW90,"{""A"": 1019, ""B"": 1020}",P0128,B05.P27,G11,G11,0.91,high,"{""A"": [], ""B"": []}",https://api.hcportal.eu/media/4614/pc_hcp_199_pic.JPG,f50ac01e9e219b7f50d79a2373a81355ce81dbf94da43b12be1b1e7ff9a6a9ce,images/positions/C199.L05.T27.png
129,C199.L05.T28,LEFT_CCW,L05,L05.G07,28,G17,b,False,"[""G17""]",graphical_agreement,"[330, 1006, 445, 1074]","[1006, 1340, 1074, 1455]",CCW90,"{""A"": 1040, ""B"": 1040}",P0129,B05.P28,G17,G17,0.91,high,"{""A"": [], ""B"": []}",https://api.hcportal.eu/media/4614/pc_hcp_199_pic.JPG,f50ac01e9e219b7f50d79a2373a81355ce81dbf94da43b12be1b1e7ff9a6a9ce,images/positions/C199.L05.T28.png
130,C199.L05.T29,LEFT_CCW,L05,L05.G07,29,G11,o,False,"[""G11""]",graphical_agreement,"[330, 1034, 445, 1095]","[1034, 1340, 1095, 1455]",CCW90,"{""A"": 1064, ""B"": 1061}",P0130,B05.P29,G11,G11,0.91,high,"{""A"": [], ""B"": []}",https://api.hcportal.eu/media/4614/pc_hcp_199_pic.JPG,f50ac01e9e219b7f50d79a2373a81355ce81dbf94da43b12be1b1e7ff9a6a9ce,images/positions/C199.L05.T29.png
131,C199.L05.T30,LEFT_CCW,L05,L05.G07,30,G18,t,False,"[""G18""]",graphical_agreement,"[330, 1051, 445, 1119]","[1051, 1340, 1119, 1455]",CCW90,"{""A"": 1085, ""B"": 1085}",P0131,B05.P30,G18,G18,0.91,high,"{""A"": [], ""B"": []}",https://api.hcportal.eu/media/4614/pc_hcp_199_pic.JPG,f50ac01e9e219b7f50d79a2373a81355ce81dbf94da43b12be1b1e7ff9a6a9ce,images/positions/C199.L05.T30.png
132,C199.L05.T31,LEFT_CCW,L05,L05.G07,31,G12,u,False,"[""G12""]",graphical_agreement,"[330, 1075, 445, 1136]","[1075, 1340, 1136, 1455]",CCW90,"{""A"": 1105, ""B"": 1103}",P0132,B05.P31,G12,G12,0.91,high,"{""A"": [], ""B"": []}",https://api.hcportal.eu/media/4614/pc_hcp_199_pic.JPG,f50ac01e9e219b7f50d79a2373a81355ce81dbf94da43b12be1b1e7ff9a6a9ce,images/positions/C199.L05.T31.png
133,C199.L06.T01,LEFT_CCW,L06,L06.G01,1,G15,m,False,"[""G15""]",graphical_agreement,"[285, 293, 400, 354]","[293, 1385, 354, 1500]",CCW90,"{""A"": 323, ""B"": 322}",P0133,B06.P01,G15,G15,0.91,high,"{""A"": [], ""B"": []}",https://api.hcportal.eu/media/4614/pc_hcp_199_pic.JPG,f50ac01e9e219b7f50d79a2373a81355ce81dbf94da43b12be1b1e7ff9a6a9ce,images/positions/C199.L06.T01.png
134,C199.L06.T02,LEFT_CCW,L06,L06.G01,2,G14,n,False,"[""G14""]",graphical_agreement,"[285, 321, 400, 382]","[321, 1385, 382, 1500]",CCW90,"{""A"": 351, ""B"": 351}",P0134,B06.P02,G14,G14,0.91,high,"{""A"": [], ""B"": []}",https://api.hcportal.eu/media/4614/pc_hcp_199_pic.JPG,f50ac01e9e219b7f50d79a2373a81355ce81dbf94da43b12be1b1e7ff9a6a9ce,images/positions/C199.L06.T02.png
135,C199.L06.T03,LEFT_CCW,L06,L06.G01,3,G03,e,False,"[""G03""]",graphical_agreement,"[285, 348, 400, 409]","[348, 1385, 409, 1500]",CCW90,"{""A"": 378, ""B"": 377}",P0135,B06.P03,G03,G03,0.91,high,"{""A"": [], ""B"": []}",https://api.hcportal.eu/media/4614/pc_hcp_199_pic.JPG,f50ac01e9e219b7f50d79a2373a81355ce81dbf94da43b12be1b1e7ff9a6a9ce,images/positions/C199.L06.T03.png
136,C199.L06.T04,LEFT_CCW,L06,L06.G02,4,G20,p,False,"[""G20""]",graphical_agreement,"[285, 382, 400, 453]","[382, 1385, 453, 1500]",CCW90,"{""A"": 422, ""B"": 416}",P0136,B06.P04,G20,G20,0.91,high,"{""A"": [], ""B"": []}",https://api.hcportal.eu/media/4614/pc_hcp_199_pic.JPG,f50ac01e9e219b7f50d79a2373a81355ce81dbf94da43b12be1b1e7ff9a6a9ce,images/positions/C199.L06.T04.png
137,C199.L06.T05,LEFT_CCW,L06,L06.G02,5,G02,r,False,"[""G02""]",graphical_agreement,"[285, 401, 400, 470]","[401, 1385, 470, 1500]",CCW90,"{""A"": 439, ""B"": 435}",P0137,B06.P05,G02,G02,0.91,high,"{""A"": [], ""B"": []}",https://api.hcportal.eu/media/4614/pc_hcp_199_pic.JPG,f50ac01e9e219b7f50d79a2373a81355ce81dbf94da43b12be1b1e7ff9a6a9ce,images/positions/C199.L06.T05.png
138,C199.L06.T06,LEFT_CCW,L06,L06.G02,6,G03,e,False,"[""G03""]",graphical_agreement,"[285, 428, 400, 489]","[428, 1385, 489, 1500]",CCW90,"{""A"": 458, ""B"": 455}",P0138,B06.P06,G03,G03,0.91,high,"{""A"": [], ""B"": []}",https://api.hcportal.eu/media/4614/pc_hcp_199_pic.JPG,f50ac01e9e219b7f50d79a2373a81355ce81dbf94da43b12be1b1e7ff9a6a9ce,images/positions/C199.L06.T06.png
139,C199.L06.T07,LEFT_CCW,L06,L06.G02,7,G15,m,False,"[""G15""]",graphical_agreement,"[285, 450, 400, 511]","[450, 1385, 511, 1500]",CCW90,"{""A"": 480, ""B"": 477}",P0139,B06.P07,G15,G15,0.91,high,"{""A"": [], ""B"": []}",https://api.hcportal.eu/media/4614/pc_hcp_199_pic.JPG,f50ac01e9e219b7f50d79a2373a81355ce81dbf94da43b12be1b1e7ff9a6a9ce,images/positions/C199.L06.T07.png
140,C199.L06.T08,LEFT_CCW,L06,L06.G02,8,G04,l,False,"[""G04""]",graphical_agreement,"[285, 470, 400, 531]","[470, 1385, 531, 1500]",CCW90,"{""A"": 500, ""B"": 497}",P0140,B06.P08,G04,G04,0.91,high,"{""A"": [], ""B"": []}",https://api.hcportal.eu/media/4614/pc_hcp_199_pic.JPG,f50ac01e9e219b7f50d79a2373a81355ce81dbf94da43b12be1b1e7ff9a6a9ce,images/positions/C199.L06.T08.png
141,C199.L06.T09,LEFT_CCW,L06,L06.G02,9,G11,o,False,"[""G11""]",graphical_agreement,"[285, 489, 400, 551]","[489, 1385, 551, 1500]",CCW90,"{""A"": 520, ""B"": 515}",P0141,B06.P09,G11,G11,0.91,high,"{""A"": [], ""B"": []}",https://api.hcportal.eu/media/4614/pc_hcp_199_pic.JPG,f50ac01e9e219b7f50d79a2373a81355ce81dbf94da43b12be1b1e7ff9a6a9ce,images/positions/C199.L06.T09.png
142,C199.L06.T10,LEFT_CCW,L06,L06.G02,10,G12,u,False,"[""G12""]",graphical_agreement,"[285, 510, 400, 571]","[510, 1385, 571, 1500]",CCW90,"{""A"": 540, ""B"": 537}",P0142,B06.P10,G12,G12,0.91,high,"{""A"": [], ""B"": []}",https://api.hcportal.eu/media/4614/pc_hcp_199_pic.JPG,f50ac01e9e219b7f50d79a2373a81355ce81dbf94da43b12be1b1e7ff9a6a9ce,images/positions/C199.L06.T10.png
143,C199.L06.T11,LEFT_CCW,L06,L06.G03,11,G01,v,False,"[""G01""]",graphical_agreement,"[285, 527, 400, 595]","[527, 1385, 595, 1500]",CCW90,"{""A"": 560, ""B"": 561}",P0143,B06.P11,G01,G01,0.91,high,"{""A"": [], ""B"": []}",https://api.hcportal.eu/media/4614/pc_hcp_199_pic.JPG,f50ac01e9e219b7f50d79a2373a81355ce81dbf94da43b12be1b1e7ff9a6a9ce,images/positions/C199.L06.T11.png
144,C199.L06.T12,LEFT_CCW,L06,L06.G03,12,G09,a,False,"[""G09""]",graphical_agreement,"[285, 552, 400, 613]","[552, 1385, 613, 1500]",CCW90,"{""A"": 582, ""B"": 580}",P0144,B06.P12,G09,G09,0.91,high,"{""A"": [], ""B"": []}",https://api.hcportal.eu/media/4614/pc_hcp_199_pic.JPG,f50ac01e9e219b7f50d79a2373a81355ce81dbf94da43b12be1b1e7ff9a6a9ce,images/positions/C199.L06.T12.png
145,C199.L06.T13,LEFT_CCW,L06,L06.G03,13,G18,t,False,"[""G18""]",graphical_agreement,"[285, 572, 400, 640]","[572, 1385, 640, 1500]",CCW90,"{""A"": 608, ""B"": 606}",P0145,B06.P13,G18,G18,0.91,high,"{""A"": [], ""B"": []}",https://api.hcportal.eu/media/4614/pc_hcp_199_pic.JPG,f50ac01e9e219b7f50d79a2373a81355ce81dbf94da43b12be1b1e7ff9a6a9ce,images/positions/C199.L06.T13.png
146,C199.L06.T14,LEFT_CCW,L06,L06.G03,14,G07,i,False,"[""G07""]",graphical_agreement,"[285, 598, 400, 659]","[598, 1385, 659, 1500]",CCW90,"{""A"": 628, ""B"": 625}",P0146,B06.P14,G07,G07,0.91,high,"{""A"": [], ""B"": []}",https://api.hcportal.eu/media/4614/pc_hcp_199_pic.JPG,f50ac01e9e219b7f50d79a2373a81355ce81dbf94da43b12be1b1e7ff9a6a9ce,images/positions/C199.L06.T14.png
147,C199.L06.T16,LEFT_CCW,L06,L06.G04,16,G20,p,False,"[""G20""]",graphical_agreement,"[285, 645, 400, 713]","[645, 1385, 713, 1500]",CCW90,"{""A"": 680, ""B"": 679}",P0147,B06.P16,G20,G20,0.91,high,"{""A"": [], ""B"": []}",https://api.hcportal.eu/media/4614/pc_hcp_199_pic.JPG,f50ac01e9e219b7f50d79a2373a81355ce81dbf94da43b12be1b1e7ff9a6a9ce,images/positions/C199.L06.T16.png
148,C199.L06.T17,LEFT_CCW,L06,L06.G04,17,G04,l,False,"[""G04""]",graphical_agreement,"[285, 672, 400, 733]","[672, 1385, 733, 1500]",CCW90,"{""A"": 702, ""B"": 703}",P0148,B06.P17,G04,G04,0.91,high,"{""A"": [], ""B"": []}",https://api.hcportal.eu/media/4614/pc_hcp_199_pic.JPG,f50ac01e9e219b7f50d79a2373a81355ce81dbf94da43b12be1b1e7ff9a6a9ce,images/positions/C199.L06.T17.png
149,C199.L06.T18,LEFT_CCW,L06,L06.G04,18,G03,e,False,"[""G03""]",graphical_agreement,"[285, 691, 400, 752]","[691, 1385, 752, 1500]",CCW90,"{""A"": 721, ""B"": 720}",P0149,B06.P18,G03,G03,0.91,high,"{""A"": [], ""B"": []}",https://api.hcportal.eu/media/4614/pc_hcp_199_pic.JPG,f50ac01e9e219b7f50d79a2373a81355ce81dbf94da43b12be1b1e7ff9a6a9ce,images/positions/C199.L06.T18.png
150,C199.L06.T19,LEFT_CCW,L06,L06.G04,19,G13,s,False,"[""G13""]",graphical_agreement,"[285, 712, 400, 775]","[712, 1385, 775, 1500]",CCW90,"{""A"": 744, ""B"": 738}",P0150,B06.P19,G13,G13,0.91,high,"{""A"": [], ""B"": []}",https://api.hcportal.eu/media/4614/pc_hcp_199_pic.JPG,f50ac01e9e219b7f50d79a2373a81355ce81dbf94da43b12be1b1e7ff9a6a9ce,images/positions/C199.L06.T19.png
151,C199.L06.T20,LEFT_CCW,L06,L06.G05,20,G13,s,False,"[""G13""]",graphical_agreement,"[285, 744, 400, 805]","[744, 1385, 805, 1500]",CCW90,"{""A"": 774, ""B"": 771}",P0151,B06.P20,G13,G13,0.91,high,"{""A"": [], ""B"": []}",https://api.hcportal.eu/media/4614/pc_hcp_199_pic.JPG,f50ac01e9e219b7f50d79a2373a81355ce81dbf94da43b12be1b1e7ff9a6a9ce,images/positions/C199.L06.T20.png
152,C199.L06.T21,LEFT_CCW,L06,L06.G05,21,G03,e,False,"[""G03""]",graphical_agreement,"[285, 764, 400, 825]","[764, 1385, 825, 1500]",CCW90,"{""A"": 794, ""B"": 792}",P0152,B06.P21,G03,G03,0.91,high,"{""A"": [], ""B"": []}",https://api.hcportal.eu/media/4614/pc_hcp_199_pic.JPG,f50ac01e9e219b7f50d79a2373a81355ce81dbf94da43b12be1b1e7ff9a6a9ce,images/positions/C199.L06.T21.png
153,C199.L06.T22,LEFT_CCW,L06,L06.G06,22,G08_N01,k,False,"[""G08_N01""]",graphical_agreement,"[285, 771, 400, 872]","[771, 1385, 872, 1500]",CCW90,"{""A"": 821, ""B"": 826}",P0153,B06.P22,G08_N01,G08_N01,0.91,high,"{""A"": [], ""B"": []}",https://api.hcportal.eu/media/4614/pc_hcp_199_pic.JPG,f50ac01e9e219b7f50d79a2373a81355ce81dbf94da43b12be1b1e7ff9a6a9ce,images/positions/C199.L06.T22.png
154,C199.L06.T23,LEFT_CCW,L06,L06.G06,23,G02,r,False,"[""G02""]",graphical_agreement,"[285, 815, 400, 883]","[815, 1385, 883, 1500]",CCW90,"{""A"": 846, ""B"": 849}",P0154,B06.P23,G02,G02,0.91,high,"{""A"": [], ""B"": []}",https://api.hcportal.eu/media/4614/pc_hcp_199_pic.JPG,f50ac01e9e219b7f50d79a2373a81355ce81dbf94da43b12be1b1e7ff9a6a9ce,images/positions/C199.L06.T23.png
155,C199.L06.T24,LEFT_CCW,L06,L06.G06,24,G09,a,False,"[""G09""]",graphical_agreement,"[285, 838, 400, 899]","[838, 1385, 899, 1500]",CCW90,"{""A"": 868, ""B"": 873}",P0155,B06.P24,G09,G09,0.91,high,"{""A"": [], ""B"": []}",https://api.hcportal.eu/media/4614/pc_hcp_199_pic.JPG,f50ac01e9e219b7f50d79a2373a81355ce81dbf94da43b12be1b1e7ff9a6a9ce,images/positions/C199.L06.T24.png
156,C199.L06.T25,LEFT_CCW,L06,L06.G06,25,G13,s,False,"[""G13""]",graphical_agreement,"[285, 857, 400, 920]","[857, 1385, 920, 1500]",CCW90,"{""A"": 887, ""B"": 894}",P0156,B06.P25,G13,G13,0.91,high,"{""A"": [], ""B"": []}",https://api.hcportal.eu/media/4614/pc_hcp_199_pic.JPG,f50ac01e9e219b7f50d79a2373a81355ce81dbf94da43b12be1b1e7ff9a6a9ce,images/positions/C199.L06.T25.png
157,C199.L06.T26,LEFT_CCW,L06,L06.G06,26,G14,n,False,"[""G14""]",graphical_agreement,"[285, 887, 400, 949]","[887, 1385, 949, 1500]",CCW90,"{""A"": 917, ""B"": 923}",P0157,B06.P26,G14,G14,0.91,high,"{""A"": [], ""B"": []}",https://api.hcportal.eu/media/4614/pc_hcp_199_pic.JPG,f50ac01e9e219b7f50d79a2373a81355ce81dbf94da43b12be1b1e7ff9a6a9ce,images/positions/C199.L06.T26.png
158,C199.L06.T27,LEFT_CCW,L06,L06.G06,27,G03,e,False,"[""G03""]",graphical_agreement,"[285, 911, 400, 981]","[911, 1385, 981, 1500]",CCW90,"{""A"": 941, ""B"": 953}",P0158,B06.P27,G03,G03,0.91,high,"{""A"": [], ""B"": []}",https://api.hcportal.eu/media/4614/pc_hcp_199_pic.JPG,f50ac01e9e219b7f50d79a2373a81355ce81dbf94da43b12be1b1e7ff9a6a9ce,images/positions/C199.L06.T27.png
159,C199.L06.T28,LEFT_CCW,L06,L06.G07,28,G01,v,False,"[""G01""]",graphical_agreement,"[285, 950, 400, 1024]","[950, 1385, 1024, 1500]",CCW90,"{""A"": 980, ""B"": 990}",P0159,B06.P28,G01,G01,0.91,high,"{""A"": [], ""B"": []}",https://api.hcportal.eu/media/4614/pc_hcp_199_pic.JPG,f50ac01e9e219b7f50d79a2373a81355ce81dbf94da43b12be1b1e7ff9a6a9ce,images/positions/C199.L06.T28.png
160,C199.L06.T29,LEFT_CCW,L06,L06.G07,29,G05,y,False,"[""G05""]",graphical_agreement,"[285, 968, 400, 1039]","[968, 1385, 1039, 1500]",CCW90,"{""A"": 998, ""B"": 1013}",P0160,B06.P29,G05,G05,0.91,high,"{""A"": [], ""B"": []}",https://api.hcportal.eu/media/4614/pc_hcp_199_pic.JPG,f50ac01e9e219b7f50d79a2373a81355ce81dbf94da43b12be1b1e7ff9a6a9ce,images/positions/C199.L06.T29.png
161,C199.L06.T30,LEFT_CCW,L06,L06.G07,30,G06,d,False,"[""G06""]",graphical_agreement,"[285, 992, 400, 1065]","[992, 1385, 1065, 1500]",CCW90,"{""A"": 1022, ""B"": 1031}",P0161,B06.P30,G06,G06,0.91,high,"{""A"": [], ""B"": []}",https://api.hcportal.eu/media/4614/pc_hcp_199_pic.JPG,f50ac01e9e219b7f50d79a2373a81355ce81dbf94da43b12be1b1e7ff9a6a9ce,images/positions/C199.L06.T30.png
162,C199.L06.T31,LEFT_CCW,L06,L06.G07,31,G09,a,False,"[""G09""]",graphical_agreement,"[285, 1014, 400, 1077]","[1014, 1385, 1077, 1500]",CCW90,"{""A"": 1044, ""B"": 1051}",P0162,B06.P31,G09,G09,0.91,high,"{""A"": [], ""B"": []}",https://api.hcportal.eu/media/4614/pc_hcp_199_pic.JPG,f50ac01e9e219b7f50d79a2373a81355ce81dbf94da43b12be1b1e7ff9a6a9ce,images/positions/C199.L06.T31.png
163,C199.L06.T32,LEFT_CCW,L06,L06.G07,32,G02,r,False,"[""G02""]",graphical_agreement,"[285, 1037, 400, 1105]","[1037, 1385, 1105, 1500]",CCW90,"{""A"": 1072, ""B"": 1071}",P0163,B06.P32,G02,G02,0.91,high,"{""A"": [], ""B"": []}",https://api.hcportal.eu/media/4614/pc_hcp_199_pic.JPG,f50ac01e9e219b7f50d79a2373a81355ce81dbf94da43b12be1b1e7ff9a6a9ce,images/positions/C199.L06.T32.png
164,C199.L06.T33,LEFT_CCW,L06,L06.G07,33,G07,i,False,"[""G07""]",graphical_agreement,"[285, 1062, 400, 1123]","[1062, 1385, 1123, 1500]",CCW90,"{""A"": 1092, ""B"": 1088}",P0164,B06.P33,G07,G07,0.91,high,"{""A"": [], ""B"": []}",https://api.hcportal.eu/media/4614/pc_hcp_199_pic.JPG,f50ac01e9e219b7f50d79a2373a81355ce81dbf94da43b12be1b1e7ff9a6a9ce,images/positions/C199.L06.T33.png
165,C199.L06.T34,LEFT_CCW,L06,L06.G07,34,G04,l,False,"[""G04""]",graphical_agreement,"[285, 1078, 400, 1141]","[1078, 1385, 1141, 1500]",CCW90,"{""A"": 1110, ""B"": 1104}",P0165,B06.P34,G04,G04,0.91,high,"{""A"": [], ""B"": []}",https://api.hcportal.eu/media/4614/pc_hcp_199_pic.JPG,f50ac01e9e219b7f50d79a2373a81355ce81dbf94da43b12be1b1e7ff9a6a9ce,images/positions/C199.L06.T34.png
166,C199.L07.T01,LEFT_CCW,L07,L07.G01,1,G17,b,False,"[""G17""]",graphical_agreement,"[235, 46, 358, 114]","[46, 1427, 114, 1550]",CCW90,"{""A"": 80, ""B"": 80}",P0166,B07.P01,G17,G17,0.91,high,"{""A"": [], ""B"": []}",https://api.hcportal.eu/media/4614/pc_hcp_199_pic.JPG,f50ac01e9e219b7f50d79a2373a81355ce81dbf94da43b12be1b1e7ff9a6a9ce,images/positions/C199.L07.T01.png
167,C199.L07.T02,LEFT_CCW,L07,L07.G01,2,G05,y,False,"[""G05""]",graphical_agreement,"[235, 72, 358, 133]","[72, 1427, 133, 1550]",CCW90,"{""A"": 102, ""B"": 104}",P0167,B07.P02,G05,G05,0.91,high,"{""A"": [], ""B"": []}",https://api.hcportal.eu/media/4614/pc_hcp_199_pic.JPG,f50ac01e9e219b7f50d79a2373a81355ce81dbf94da43b12be1b1e7ff9a6a9ce,images/positions/C199.L07.T02.png
168,C199.L07.T03,LEFT_CCW,L07,L07.G01,3,G04,l,False,"[""G04""]",graphical_agreement,"[235, 92, 358, 153]","[92, 1427, 153, 1550]",CCW90,"{""A"": 122, ""B"": 121}",P0168,B07.P03,G04,G04,0.91,high,"{""A"": [], ""B"": []}",https://api.hcportal.eu/media/4614/pc_hcp_199_pic.JPG,f50ac01e9e219b7f50d79a2373a81355ce81dbf94da43b12be1b1e7ff9a6a9ce,images/positions/C199.L07.T03.png
169,C199.L07.T04,LEFT_CCW,L07,L07.G01,4,G11,o,False,"[""G11""]",graphical_agreement,"[235, 111, 358, 172]","[111, 1427, 172, 1550]",CCW90,"{""A"": 141, ""B"": 139}",P0169,B07.P04,G11,G11,0.91,high,"{""A"": [], ""B"": []}",https://api.hcportal.eu/media/4614/pc_hcp_199_pic.JPG,f50ac01e9e219b7f50d79a2373a81355ce81dbf94da43b12be1b1e7ff9a6a9ce,images/positions/C199.L07.T04.png
170,C199.L07.T05,LEFT_CCW,L07,L07.G02,5,G01,v,False,"[""G01""]",graphical_agreement,"[235, 147, 358, 217]","[147, 1427, 217, 1550]",CCW90,"{""A"": 186, ""B"": 181}",P0170,B07.P05,G01,G01,0.91,high,"{""A"": [], ""B"": []}",https://api.hcportal.eu/media/4614/pc_hcp_199_pic.JPG,f50ac01e9e219b7f50d79a2373a81355ce81dbf94da43b12be1b1e7ff9a6a9ce,images/positions/C199.L07.T05.png
171,C199.L07.T06,LEFT_CCW,L07,L07.G03,6,UNKNOWN,?,True,"[""G14"", ""G15""]",unresolved_body_and_segmentation,"[235, 194, 358, 256]","[194, 1427, 256, 1550]",CCW90,"{""A"": 225, ""B"": 226}",P0171,B07.P06,UNKNOWN,G14,0.5,high,"{""A"": [], ""B"": []}",https://api.hcportal.eu/media/4614/pc_hcp_199_pic.JPG,f50ac01e9e219b7f50d79a2373a81355ce81dbf94da43b12be1b1e7ff9a6a9ce,images/positions/C199.L07.T06.png
172,C199.L07.T07,LEFT_CCW,L07,L07.G03,7,G03,e,False,"[""G03""]",graphical_agreement,"[235, 220, 358, 281]","[220, 1427, 281, 1550]",CCW90,"{""A"": 250, ""B"": 249}",P0172,B07.P07,G03,G03,0.91,high,"{""A"": [], ""B"": []}",https://api.hcportal.eu/media/4614/pc_hcp_199_pic.JPG,f50ac01e9e219b7f50d79a2373a81355ce81dbf94da43b12be1b1e7ff9a6a9ce,images/positions/C199.L07.T07.png
173,C199.L07.T08,LEFT_CCW,L07,L07.G03,8,G15,m,False,"[""G15""]",graphical_agreement,"[235, 244, 358, 305]","[244, 1427, 305, 1550]",CCW90,"{""A"": 274, ""B"": 273}",P0173,B07.P08,G15,G15,0.91,high,"{""A"": [], ""B"": []}",https://api.hcportal.eu/media/4614/pc_hcp_199_pic.JPG,f50ac01e9e219b7f50d79a2373a81355ce81dbf94da43b12be1b1e7ff9a6a9ce,images/positions/C199.L07.T08.png
174,C199.L07.T09,LEFT_CCW,L07,L07.G04,9,G15,m,False,"[""G15""]",graphical_agreement,"[235, 285, 358, 351]","[285, 1427, 351, 1550]",CCW90,"{""A"": 320, ""B"": 316}",P0174,B07.P09,G15,G15,0.91,high,"{""A"": [], ""B"": []}",https://api.hcportal.eu/media/4614/pc_hcp_199_pic.JPG,f50ac01e9e219b7f50d79a2373a81355ce81dbf94da43b12be1b1e7ff9a6a9ce,images/positions/C199.L07.T09.png
175,C199.L07.T10,LEFT_CCW,L07,L07.G04,10,G14,n,False,"[""G14""]",graphical_agreement,"[235, 320, 358, 381]","[320, 1427, 381, 1550]",CCW90,"{""A"": 350, ""B"": 348}",P0175,B07.P10,G14,G14,0.91,high,"{""A"": [], ""B"": []}",https://api.hcportal.eu/media/4614/pc_hcp_199_pic.JPG,f50ac01e9e219b7f50d79a2373a81355ce81dbf94da43b12be1b1e7ff9a6a9ce,images/positions/C199.L07.T10.png
176,C199.L07.T11,LEFT_CCW,L07,L07.G04,11,G11,o,False,"[""G11""]",graphical_agreement,"[235, 338, 358, 399]","[338, 1427, 399, 1550]",CCW90,"{""A"": 368, ""B"": 368}",P0176,B07.P11,G11,G11,0.91,high,"{""A"": [], ""B"": []}",https://api.hcportal.eu/media/4614/pc_hcp_199_pic.JPG,f50ac01e9e219b7f50d79a2373a81355ce81dbf94da43b12be1b1e7ff9a6a9ce,images/positions/C199.L07.T11.png
177,C199.L07.T12,LEFT_CCW,L07,L07.G04,12,G10,h,False,"[""G10""]",graphical_agreement,"[235, 360, 358, 421]","[360, 1427, 421, 1550]",CCW90,"{""A"": 390, ""B"": 390}",P0177,B07.P12,G10,G10,0.91,high,"{""A"": [], ""B"": []}",https://api.hcportal.eu/media/4614/pc_hcp_199_pic.JPG,f50ac01e9e219b7f50d79a2373a81355ce81dbf94da43b12be1b1e7ff9a6a9ce,images/positions/C199.L07.T12.png
178,C199.L07.T13,LEFT_CCW,L07,L07.G04,13,G11,o,False,"[""G11""]",graphical_agreement,"[235, 380, 358, 441]","[380, 1427, 441, 1550]",CCW90,"{""A"": 410, ""B"": 407}",P0178,B07.P13,G11,G11,0.91,high,"{""A"": [], ""B"": []}",https://api.hcportal.eu/media/4614/pc_hcp_199_pic.JPG,f50ac01e9e219b7f50d79a2373a81355ce81dbf94da43b12be1b1e7ff9a6a9ce,images/positions/C199.L07.T13.png
179,C199.L07.T14,LEFT_CCW,L07,L07.G05,14,G08_N02,z,False,"[""G08_N02""]",graphical_agreement,"[235, 390, 358, 491]","[390, 1427, 491, 1550]",CCW90,"{""A"": 440, ""B"": 445}",P0179,B07.P14,G08_N02,G08_N02,0.91,high,"{""A"": [], ""B"": []}",https://api.hcportal.eu/media/4614/pc_hcp_199_pic.JPG,f50ac01e9e219b7f50d79a2373a81355ce81dbf94da43b12be1b1e7ff9a6a9ce,images/positions/C199.L07.T14.png
180,C199.L07.T15,LEFT_CCW,L07,L07.G05,15,G14,n,False,"[""G14""]",graphical_agreement,"[235, 442, 358, 503]","[442, 1427, 503, 1550]",CCW90,"{""A"": 472, ""B"": 472}",P0180,B07.P15,G14,G14,0.91,high,"{""A"": [], ""B"": []}",https://api.hcportal.eu/media/4614/pc_hcp_199_pic.JPG,f50ac01e9e219b7f50d79a2373a81355ce81dbf94da43b12be1b1e7ff9a6a9ce,images/positions/C199.L07.T15.png
181,C199.L07.T16,LEFT_CCW,L07,L07.G05,16,G09,a,False,"[""G09""]",graphical_agreement,"[235, 465, 358, 526]","[465, 1427, 526, 1550]",CCW90,"{""A"": 495, ""B"": 495}",P0181,B07.P16,G09,G09,0.91,high,"{""A"": [], ""B"": []}",https://api.hcportal.eu/media/4614/pc_hcp_199_pic.JPG,f50ac01e9e219b7f50d79a2373a81355ce81dbf94da43b12be1b1e7ff9a6a9ce,images/positions/C199.L07.T16.png
182,C199.L07.T17,LEFT_CCW,L07,L07.G05,17,G15,m,False,"[""G15""]",graphical_agreement,"[235, 491, 358, 552]","[491, 1427, 552, 1550]",CCW90,"{""A"": 521, ""B"": 519}",P0182,B07.P17,G15,G15,0.91,high,"{""A"": [], ""B"": []}",https://api.hcportal.eu/media/4614/pc_hcp_199_pic.JPG,f50ac01e9e219b7f50d79a2373a81355ce81dbf94da43b12be1b1e7ff9a6a9ce,images/positions/C199.L07.T17.png
183,C199.L07.T18,LEFT_CCW,L07,L07.G05,18,G05,y,False,"[""G05""]",graphical_agreement,"[235, 509, 358, 570]","[509, 1427, 570, 1550]",CCW90,"{""A"": 539, ""B"": 539}",P0183,B07.P18,G05,G05,0.91,high,"{""A"": [], ""B"": []}",https://api.hcportal.eu/media/4614/pc_hcp_199_pic.JPG,f50ac01e9e219b7f50d79a2373a81355ce81dbf94da43b12be1b1e7ff9a6a9ce,images/positions/C199.L07.T18.png
184,C199.L07.T19,LEFT_CCW,L07,L07.G05,19,UNKNOWN,?,True,"[""G10_CAP"", ""G10""]",unresolved_mark_ownership,"[235, 532, 358, 593]","[532, 1427, 593, 1550]",CCW90,"{""A"": 562, ""B"": 561}",P0184,B07.P19,G10_CAP,G10_CAP,0.91,medium,"{""A"": [{""geometry"": ""Paired low arch/roof above short-shoulder body; matches neutral G10_CAP examples."", ""ownership_confidence"": 0.93}], ""B"": [{""geometry"": ""Detached or near-detached overhead chevron/roof with two sloping wings"", ""type"": ""overhead_cap_in_frozen_fullform_template"", ""ownership_confidence"": ""medium"", ""semantic_value"": null}]}",https://api.hcportal.eu/media/4614/pc_hcp_199_pic.JPG,f50ac01e9e219b7f50d79a2373a81355ce81dbf94da43b12be1b1e7ff9a6a9ce,images/positions/C199.L07.T19.png
185,C199.L07.T20,LEFT_CCW,L07,L07.G06,20,G06,d,False,"[""G06""]",graphical_agreement,"[235, 560, 358, 631]","[560, 1427, 631, 1550]",CCW90,"{""A"": 600, ""B"": 594}",P0185,B07.P20,G06,G06,0.91,high,"{""A"": [], ""B"": []}",https://api.hcportal.eu/media/4614/pc_hcp_199_pic.JPG,f50ac01e9e219b7f50d79a2373a81355ce81dbf94da43b12be1b1e7ff9a6a9ce,images/positions/C199.L07.T20.png
186,C199.L07.T21,LEFT_CCW,L07,L07.G06,21,G09,a,False,"[""G09""]",graphical_agreement,"[235, 588, 358, 650]","[588, 1427, 650, 1550]",CCW90,"{""A"": 619, ""B"": 614}",P0186,B07.P21,G09,G09,0.91,high,"{""A"": [], ""B"": []}",https://api.hcportal.eu/media/4614/pc_hcp_199_pic.JPG,f50ac01e9e219b7f50d79a2373a81355ce81dbf94da43b12be1b1e7ff9a6a9ce,images/positions/C199.L07.T21.png
187,C199.L07.T22,LEFT_CCW,L07,L07.G06,22,G15,m,False,"[""G15""]",graphical_agreement,"[235, 613, 358, 674]","[613, 1427, 674, 1550]",CCW90,"{""A"": 643, ""B"": 641}",P0187,B07.P22,G15,G15,0.91,high,"{""A"": [], ""B"": []}",https://api.hcportal.eu/media/4614/pc_hcp_199_pic.JPG,f50ac01e9e219b7f50d79a2373a81355ce81dbf94da43b12be1b1e7ff9a6a9ce,images/positions/C199.L07.T22.png
188,C199.L07.T24,LEFT_CCW,L07,L07.G07,24,G14,n,False,"[""G14""]",graphical_agreement,"[235, 668, 358, 729]","[668, 1427, 729, 1550]",CCW90,"{""A"": 698, ""B"": 698}",P0188,B07.P24,G14,G14,0.91,high,"{""A"": [], ""B"": []}",https://api.hcportal.eu/media/4614/pc_hcp_199_pic.JPG,f50ac01e9e219b7f50d79a2373a81355ce81dbf94da43b12be1b1e7ff9a6a9ce,images/positions/C199.L07.T24.png
189,C199.L07.T25,LEFT_CCW,L07,L07.G07,25,G03,e,False,"[""G03""]",graphical_agreement,"[235, 694, 358, 755]","[694, 1427, 755, 1550]",CCW90,"{""A"": 724, ""B"": 721}",P0189,B07.P25,G03,G03,0.91,high,"{""A"": [], ""B"": []}",https://api.hcportal.eu/media/4614/pc_hcp_199_pic.JPG,f50ac01e9e219b7f50d79a2373a81355ce81dbf94da43b12be1b1e7ff9a6a9ce,images/positions/C199.L07.T25.png
190,C199.L07.T26,LEFT_CCW,L07,L07.G07,26,G18,t,False,"[""G18""]",graphical_agreement,"[235, 710, 358, 778]","[710, 1427, 778, 1550]",CCW90,"{""A"": 744, ""B"": 744}",P0190,B07.P26,G18,G18,0.91,high,"{""A"": [], ""B"": []}",https://api.hcportal.eu/media/4614/pc_hcp_199_pic.JPG,f50ac01e9e219b7f50d79a2373a81355ce81dbf94da43b12be1b1e7ff9a6a9ce,images/positions/C199.L07.T26.png
191,C199.L07.T27,LEFT_CCW,L07,L07.G07,27,G11,o,False,"[""G11""]",graphical_agreement,"[235, 733, 358, 794]","[733, 1427, 794, 1550]",CCW90,"{""A"": 763, ""B"": 766}",P0191,B07.P27,G11,G11,0.91,high,"{""A"": [], ""B"": []}",https://api.hcportal.eu/media/4614/pc_hcp_199_pic.JPG,f50ac01e9e219b7f50d79a2373a81355ce81dbf94da43b12be1b1e7ff9a6a9ce,images/positions/C199.L07.T27.png
192,C199.L07.T28,LEFT_CCW,L07,L07.G07,28,G12,u,False,"[""G12""]",graphical_agreement,"[235, 754, 358, 815]","[754, 1427, 815, 1550]",CCW90,"{""A"": 784, ""B"": 788}",P0192,B07.P28,G12,G12,0.91,high,"{""A"": [], ""B"": []}",https://api.hcportal.eu/media/4614/pc_hcp_199_pic.JPG,f50ac01e9e219b7f50d79a2373a81355ce81dbf94da43b12be1b1e7ff9a6a9ce,images/positions/C199.L07.T28.png
193,C199.L07.T29,LEFT_CCW,L07,L07.G07,29,G08_N02,z,False,"[""G08_N02""]",graphical_agreement,"[235, 754, 358, 855]","[754, 1427, 855, 1550]",CCW90,"{""A"": 804, ""B"": 811}",P0193,B07.P29,G08_N02,G08_N02,0.91,high,"{""A"": [], ""B"": []}",https://api.hcportal.eu/media/4614/pc_hcp_199_pic.JPG,f50ac01e9e219b7f50d79a2373a81355ce81dbf94da43b12be1b1e7ff9a6a9ce,images/positions/C199.L07.T29.png
194,C199.L07.T30,LEFT_CCW,L07,L07.G07,30,G07,i,False,"[""G07""]",graphical_agreement,"[235, 792, 358, 861]","[792, 1427, 861, 1550]",CCW90,"{""A"": 822, ""B"": 835}",P0194,B07.P30,G07,G07,0.91,high,"{""A"": [], ""B"": []}",https://api.hcportal.eu/media/4614/pc_hcp_199_pic.JPG,f50ac01e9e219b7f50d79a2373a81355ce81dbf94da43b12be1b1e7ff9a6a9ce,images/positions/C199.L07.T30.png
195,C199.L07.T31,LEFT_CCW,L07,L07.G07,31,G04,l,False,"[""G04""]",graphical_agreement,"[235, 810, 358, 883]","[810, 1427, 883, 1550]",CCW90,"{""A"": 840, ""B"": 854}",P0195,B07.P31,G04,G04,0.91,high,"{""A"": [], ""B"": []}",https://api.hcportal.eu/media/4614/pc_hcp_199_pic.JPG,f50ac01e9e219b7f50d79a2373a81355ce81dbf94da43b12be1b1e7ff9a6a9ce,images/positions/C199.L07.T31.png
196,C199.L07.T32,LEFT_CCW,L07,L07.G08,32,G21,j,False,"[""G21""]",graphical_agreement,"[235, 846, 358, 919]","[846, 1427, 919, 1550]",CCW90,"{""A"": 876, ""B"": 893}",P0196,B07.P32,G21,G21,0.91,high,"{""A"": [], ""B"": []}",https://api.hcportal.eu/media/4614/pc_hcp_199_pic.JPG,f50ac01e9e219b7f50d79a2373a81355ce81dbf94da43b12be1b1e7ff9a6a9ce,images/positions/C199.L07.T32.png
197,C199.L07.T33,LEFT_CCW,L07,L07.G08,33,G13,s,False,"[""G13""]",graphical_agreement,"[235, 866, 358, 941]","[866, 1427, 941, 1550]",CCW90,"{""A"": 896, ""B"": 915}",P0197,B07.P33,G13,G13,0.91,high,"{""A"": [], ""B"": []}",https://api.hcportal.eu/media/4614/pc_hcp_199_pic.JPG,f50ac01e9e219b7f50d79a2373a81355ce81dbf94da43b12be1b1e7ff9a6a9ce,images/positions/C199.L07.T33.png
198,C199.L07.T34,LEFT_CCW,L07,L07.G08,34,G03,e,False,"[""G03""]",graphical_agreement,"[235, 887, 358, 962]","[887, 1427, 962, 1550]",CCW90,"{""A"": 917, ""B"": 936}",P0198,B07.P34,G03,G03,0.91,high,"{""A"": [], ""B"": []}",https://api.hcportal.eu/media/4614/pc_hcp_199_pic.JPG,f50ac01e9e219b7f50d79a2373a81355ce81dbf94da43b12be1b1e7ff9a6a9ce,images/positions/C199.L07.T34.png
199,C199.L07.T35,LEFT_CCW,L07,L07.G08,35,G15,m,False,"[""G15""]",graphical_agreement,"[235, 910, 358, 985]","[910, 1427, 985, 1550]",CCW90,"{""A"": 940, ""B"": 957}",P0199,B07.P35,G15,G15,0.91,high,"{""A"": [], ""B"": []}",https://api.hcportal.eu/media/4614/pc_hcp_199_pic.JPG,f50ac01e9e219b7f50d79a2373a81355ce81dbf94da43b12be1b1e7ff9a6a9ce,images/positions/C199.L07.T35.png
200,C199.L07.T36,LEFT_CCW,L07,L07.G09,36,G01,v,False,"[""G01""]",graphical_agreement,"[235, 949, 358, 1028]","[949, 1427, 1028, 1550]",CCW90,"{""A"": 979, ""B"": 994}",P0200,B07.P36,G01,G01,0.91,high,"{""A"": [], ""B"": []}",https://api.hcportal.eu/media/4614/pc_hcp_199_pic.JPG,f50ac01e9e219b7f50d79a2373a81355ce81dbf94da43b12be1b1e7ff9a6a9ce,images/positions/C199.L07.T36.png
201,C199.L07.T37,LEFT_CCW,L07,L07.G09,37,G13,s,False,"[""G13""]",graphical_agreement,"[235, 968, 358, 1042]","[968, 1427, 1042, 1550]",CCW90,"{""A"": 998, ""B"": 1016}",P0201,B07.P37,G13,G13,0.91,high,"{""A"": [], ""B"": []}",https://api.hcportal.eu/media/4614/pc_hcp_199_pic.JPG,f50ac01e9e219b7f50d79a2373a81355ce81dbf94da43b12be1b1e7ff9a6a9ce,images/positions/C199.L07.T37.png
202,C199.L07.T38,LEFT_CCW,L07,L07.G09,38,G09,a,False,"[""G09""]",graphical_agreement,"[235, 993, 358, 1063]","[993, 1427, 1063, 1550]",CCW90,"{""A"": 1023, ""B"": 1037}",P0202,B07.P38,G09,G09,0.91,high,"{""A"": [], ""B"": []}",https://api.hcportal.eu/media/4614/pc_hcp_199_pic.JPG,f50ac01e9e219b7f50d79a2373a81355ce81dbf94da43b12be1b1e7ff9a6a9ce,images/positions/C199.L07.T38.png
203,C199.L07.T39,LEFT_CCW,L07,L07.G09,39,G08_N01,k,False,"[""G08_N01""]",complete_returned_loop_template_match,"[235, 994, 358, 1126]","[994, 1427, 1126, 1550]",CCW90,"{""A"": 1044, ""B"": 1059}",P0203,B07.P39,G08_N01,G08_N01,0.91,high,"{""A"": [{""geometry"": ""Long outward flourish/return associated with lower-loop body; neighboring ink remains in contextual crop."", ""ownership_confidence"": 0.82}], ""B"": []}",https://api.hcportal.eu/media/4614/pc_hcp_199_pic.JPG,f50ac01e9e219b7f50d79a2373a81355ce81dbf94da43b12be1b1e7ff9a6a9ce,images/positions/C199.L07.T39.png
204,C199.L08.T01,LEFT_CCW,L08,L08.G01,1,G20,p,False,"[""G20""]",graphical_agreement,"[200, 50, 310, 119]","[50, 1475, 119, 1585]",CCW90,"{""A"": 88, ""B"": 84}",P0204,B08.P01,G20,G20,0.91,high,"{""A"": [], ""B"": []}",https://api.hcportal.eu/media/4614/pc_hcp_199_pic.JPG,f50ac01e9e219b7f50d79a2373a81355ce81dbf94da43b12be1b1e7ff9a6a9ce,images/positions/C199.L08.T01.png
205,C199.L08.T02,LEFT_CCW,L08,L08.G01,2,G11,o,False,"[""G11""]",graphical_agreement,"[200, 75, 310, 136]","[75, 1475, 136, 1585]",CCW90,"{""A"": 105, ""B"": 104}",P0205,B08.P02,G11,G11,0.91,high,"{""A"": [], ""B"": []}",https://api.hcportal.eu/media/4614/pc_hcp_199_pic.JPG,f50ac01e9e219b7f50d79a2373a81355ce81dbf94da43b12be1b1e7ff9a6a9ce,images/positions/C199.L08.T02.png
206,C199.L08.T03,LEFT_CCW,L08,L08.G02,3,G08_N02,z,False,"[""G08_N02""]",graphical_agreement,"[200, 98, 310, 199]","[98, 1475, 199, 1585]",CCW90,"{""A"": 148, ""B"": 143}",P0206,B08.P03,G08_N02,G08_N02,0.91,high,"{""A"": [], ""B"": []}",https://api.hcportal.eu/media/4614/pc_hcp_199_pic.JPG,f50ac01e9e219b7f50d79a2373a81355ce81dbf94da43b12be1b1e7ff9a6a9ce,images/positions/C199.L08.T03.png
207,C199.L08.T04,LEFT_CCW,L08,L08.G02,4,G09,a,False,"[""G09""]",graphical_agreement,"[200, 135, 310, 202]","[135, 1475, 202, 1585]",CCW90,"{""A"": 171, ""B"": 161}",P0207,B08.P04,G09,G09,0.91,high,"{""A"": [], ""B"": []}",https://api.hcportal.eu/media/4614/pc_hcp_199_pic.JPG,f50ac01e9e219b7f50d79a2373a81355ce81dbf94da43b12be1b1e7ff9a6a9ce,images/positions/C199.L08.T04.png
208,C199.L08.T05,LEFT_CCW,L08,L08.G02,5,G17,b,False,"[""G17""]",graphical_agreement,"[200, 148, 310, 221]","[148, 1475, 221, 1585]",CCW90,"{""A"": 190, ""B"": 182}",P0208,B08.P05,G17,G17,0.91,high,"{""A"": [], ""B"": []}",https://api.hcportal.eu/media/4614/pc_hcp_199_pic.JPG,f50ac01e9e219b7f50d79a2373a81355ce81dbf94da43b12be1b1e7ff9a6a9ce,images/positions/C199.L08.T05.png
209,C199.L08.T06,LEFT_CCW,L08,L08.G02,6,G09,a,False,"[""G09""]",graphical_agreement,"[200, 176, 310, 241]","[176, 1475, 241, 1585]",CCW90,"{""A"": 210, ""B"": 202}",P0209,B08.P06,G09,G09,0.91,high,"{""A"": [], ""B"": []}",https://api.hcportal.eu/media/4614/pc_hcp_199_pic.JPG,f50ac01e9e219b7f50d79a2373a81355ce81dbf94da43b12be1b1e7ff9a6a9ce,images/positions/C199.L08.T06.png
210,C199.L08.T07,LEFT_CCW,L08,L08.G02,7,G01,v,False,"[""G01""]",graphical_agreement,"[200, 197, 310, 266]","[197, 1475, 266, 1585]",CCW90,"{""A"": 235, ""B"": 231}",P0210,B08.P07,G01,G01,0.91,high,"{""A"": [], ""B"": []}",https://api.hcportal.eu/media/4614/pc_hcp_199_pic.JPG,f50ac01e9e219b7f50d79a2373a81355ce81dbf94da43b12be1b1e7ff9a6a9ce,images/positions/C199.L08.T07.png
211,C199.L08.T08,LEFT_CCW,L08,L08.G02,8,G03,e,False,"[""G03""]",graphical_agreement,"[200, 220, 310, 281]","[220, 1475, 281, 1585]",CCW90,"{""A"": 250, ""B"": 250}",P0211,B08.P08,G03,G03,0.91,high,"{""A"": [], ""B"": []}",https://api.hcportal.eu/media/4614/pc_hcp_199_pic.JPG,f50ac01e9e219b7f50d79a2373a81355ce81dbf94da43b12be1b1e7ff9a6a9ce,images/positions/C199.L08.T08.png
212,C199.L08.T09,LEFT_CCW,L08,L08.G03,9,G13,s,False,"[""G13""]",graphical_agreement,"[200, 257, 310, 318]","[257, 1475, 318, 1585]",CCW90,"{""A"": 287, ""B"": 289}",P0212,B08.P09,G13,G13,0.91,high,"{""A"": [], ""B"": []}",https://api.hcportal.eu/media/4614/pc_hcp_199_pic.JPG,f50ac01e9e219b7f50d79a2373a81355ce81dbf94da43b12be1b1e7ff9a6a9ce,images/positions/C199.L08.T09.png
213,C199.L08.T10,LEFT_CCW,L08,L08.G04,10,G14,n,False,"[""G14""]",graphical_agreement,"[200, 296, 310, 357]","[296, 1475, 357, 1585]",CCW90,"{""A"": 326, ""B"": 327}",P0213,B08.P10,G14,G14,0.91,high,"{""A"": [], ""B"": []}",https://api.hcportal.eu/media/4614/pc_hcp_199_pic.JPG,f50ac01e9e219b7f50d79a2373a81355ce81dbf94da43b12be1b1e7ff9a6a9ce,images/positions/C199.L08.T10.png
214,C199.L08.T11,LEFT_CCW,L08,L08.G04,11,G07,i,False,"[""G07""]",graphical_agreement,"[200, 324, 310, 385]","[324, 1475, 385, 1585]",CCW90,"{""A"": 354, ""B"": 355}",P0214,B08.P11,G07,G07,0.91,high,"{""A"": [], ""B"": []}",https://api.hcportal.eu/media/4614/pc_hcp_199_pic.JPG,f50ac01e9e219b7f50d79a2373a81355ce81dbf94da43b12be1b1e7ff9a6a9ce,images/positions/C199.L08.T11.png
215,C199.L08.T12,LEFT_CCW,L08,L08.G04,12,G15,m,False,"[""G15""]",graphical_agreement,"[200, 355, 310, 416]","[355, 1475, 416, 1585]",CCW90,"{""A"": 385, ""B"": 385}",P0215,B08.P12,G15,G15,0.91,high,"{""A"": [], ""B"": []}",https://api.hcportal.eu/media/4614/pc_hcp_199_pic.JPG,f50ac01e9e219b7f50d79a2373a81355ce81dbf94da43b12be1b1e7ff9a6a9ce,images/positions/C199.L08.T12.png
216,C199.L08.T13,LEFT_CCW,L08,L08.G04,13,G07,i,False,"[""G07""]",graphical_agreement,"[200, 380, 310, 441]","[380, 1475, 441, 1585]",CCW90,"{""A"": 410, ""B"": 410}",P0216,B08.P13,G07,G07,0.91,high,"{""A"": [], ""B"": []}",https://api.hcportal.eu/media/4614/pc_hcp_199_pic.JPG,f50ac01e9e219b7f50d79a2373a81355ce81dbf94da43b12be1b1e7ff9a6a9ce,images/positions/C199.L08.T13.png
217,C199.L08.T15,LEFT_CCW,L08,L08.G05,15,G17,b,False,"[""G17""]",graphical_agreement,"[200, 428, 310, 497]","[428, 1475, 497, 1585]",CCW90,"{""A"": 458, ""B"": 463}",P0217,B08.P15,G17,G17,0.91,high,"{""A"": [], ""B"": []}",https://api.hcportal.eu/media/4614/pc_hcp_199_pic.JPG,f50ac01e9e219b7f50d79a2373a81355ce81dbf94da43b12be1b1e7ff9a6a9ce,images/positions/C199.L08.T15.png
218,C199.L08.T16,LEFT_CCW,L08,L08.G05,16,G03,e,False,"[""G03""]",graphical_agreement,"[200, 453, 310, 514]","[453, 1475, 514, 1585]",CCW90,"{""A"": 483, ""B"": 487}",P0218,B08.P16,G03,G03,0.91,high,"{""A"": [], ""B"": []}",https://api.hcportal.eu/media/4614/pc_hcp_199_pic.JPG,f50ac01e9e219b7f50d79a2373a81355ce81dbf94da43b12be1b1e7ff9a6a9ce,images/positions/C199.L08.T16.png
219,C199.L08.T17,LEFT_CCW,L08,L08.G05,17,G08_N02,z,False,"[""G08_N02""]",graphical_agreement,"[200, 454, 310, 555]","[454, 1475, 555, 1585]",CCW90,"{""A"": 504, ""B"": 505}",P0219,B08.P17,G08_N02,G08_N02,0.91,high,"{""A"": [], ""B"": []}",https://api.hcportal.eu/media/4614/pc_hcp_199_pic.JPG,f50ac01e9e219b7f50d79a2373a81355ce81dbf94da43b12be1b1e7ff9a6a9ce,images/positions/C199.L08.T17.png
220,C199.L08.T18,LEFT_CCW,L08,L08.G06,18,G18,t,False,"[""G18""]",graphical_agreement,"[200, 508, 310, 576]","[508, 1475, 576, 1585]",CCW90,"{""A"": 545, ""B"": 542}",P0220,B08.P18,G18,G18,0.91,high,"{""A"": [], ""B"": []}",https://api.hcportal.eu/media/4614/pc_hcp_199_pic.JPG,f50ac01e9e219b7f50d79a2373a81355ce81dbf94da43b12be1b1e7ff9a6a9ce,images/positions/C199.L08.T18.png
221,C199.L08.T19,LEFT_CCW,L08,L08.G06,19,UNKNOWN,?,True,"[""G03"", ""G11""]",unresolved_retracing,"[200, 532, 310, 593]","[532, 1475, 593, 1585]",CCW90,"{""A"": 562, ""B"": 565}",P0221,B08.P19,UNKNOWN,UNKNOWN,0.52,unresolved,"{""A"": [{""geometry"": ""Dense ink filling lower rounded body; no distinct extra detached mark resolved."", ""ownership_confidence"": 0.92}], ""B"": [{""geometry"": ""Dense dark retracing/overwriting in a short body; apparent upper bend and lower lobe cannot be traced cleanly."", ""type"": ""retracing_or_overwrite"", ""ownership_confidence"": ""high for the dark region belonging to this slot; low for separating its constituent strokes"", ""semantic_value"": null}]}",https://api.hcportal.eu/media/4614/pc_hcp_199_pic.JPG,f50ac01e9e219b7f50d79a2373a81355ce81dbf94da43b12be1b1e7ff9a6a9ce,images/positions/C199.L08.T19.png
222,C199.L08.T20,LEFT_CCW,L08,L08.G06,20,G17,b,False,"[""G17""]",graphical_agreement,"[200, 551, 310, 622]","[551, 1475, 622, 1585]",CCW90,"{""A"": 581, ""B"": 588}",P0222,B08.P20,G17,G17,0.91,high,"{""A"": [], ""B"": []}",https://api.hcportal.eu/media/4614/pc_hcp_199_pic.JPG,f50ac01e9e219b7f50d79a2373a81355ce81dbf94da43b12be1b1e7ff9a6a9ce,images/positions/C199.L08.T20.png
223,C199.L08.T21,LEFT_CCW,L08,L08.G06,21,G03,e,False,"[""G03""]",graphical_agreement,"[200, 575, 310, 636]","[575, 1475, 636, 1585]",CCW90,"{""A"": 605, ""B"": 610}",P0223,B08.P21,G03,G03,0.91,high,"{""A"": [], ""B"": []}",https://api.hcportal.eu/media/4614/pc_hcp_199_pic.JPG,f50ac01e9e219b7f50d79a2373a81355ce81dbf94da43b12be1b1e7ff9a6a9ce,images/positions/C199.L08.T21.png
224,C199.L08.T22,LEFT_CCW,L08,L08.G07,22,G17,b,False,"[""G17""]",graphical_agreement,"[200, 608, 310, 677]","[608, 1475, 677, 1585]",CCW90,"{""A"": 646, ""B"": 642}",P0224,B08.P22,G17,G17,0.91,high,"{""A"": [], ""B"": []}",https://api.hcportal.eu/media/4614/pc_hcp_199_pic.JPG,f50ac01e9e219b7f50d79a2373a81355ce81dbf94da43b12be1b1e7ff9a6a9ce,images/positions/C199.L08.T22.png
225,C199.L08.T23,LEFT_CCW,L08,L08.G07,23,G05,y,False,"[""G05""]",graphical_agreement,"[200, 637, 310, 698]","[637, 1475, 698, 1585]",CCW90,"{""A"": 667, ""B"": 665}",P0225,B08.P23,G05,G05,0.91,high,"{""A"": [], ""B"": []}",https://api.hcportal.eu/media/4614/pc_hcp_199_pic.JPG,f50ac01e9e219b7f50d79a2373a81355ce81dbf94da43b12be1b1e7ff9a6a9ce,images/positions/C199.L08.T23.png
226,C199.L08.T24,LEFT_CCW,L08,L08.G08,24,G15,m,False,"[""G15""]",graphical_agreement,"[200, 677, 310, 738]","[677, 1475, 738, 1585]",CCW90,"{""A"": 707, ""B"": 708}",P0226,B08.P24,G15,G15,0.91,high,"{""A"": [], ""B"": []}",https://api.hcportal.eu/media/4614/pc_hcp_199_pic.JPG,f50ac01e9e219b7f50d79a2373a81355ce81dbf94da43b12be1b1e7ff9a6a9ce,images/positions/C199.L08.T24.png
227,C199.L08.T25,LEFT_CCW,L08,L08.G08,25,G14,n,False,"[""G14""]",graphical_agreement,"[200, 707, 310, 768]","[707, 1475, 768, 1585]",CCW90,"{""A"": 737, ""B"": 737}",P0227,B08.P25,G14,G14,0.91,high,"{""A"": [], ""B"": []}",https://api.hcportal.eu/media/4614/pc_hcp_199_pic.JPG,f50ac01e9e219b7f50d79a2373a81355ce81dbf94da43b12be1b1e7ff9a6a9ce,images/positions/C199.L08.T25.png
228,C199.L08.T26,LEFT_CCW,L08,L08.G08,26,G03,e,False,"[""G03""]",graphical_agreement,"[200, 729, 310, 790]","[729, 1475, 790, 1585]",CCW90,"{""A"": 759, ""B"": 756}",P0228,B08.P26,G03,G03,0.91,high,"{""A"": [], ""B"": []}",https://api.hcportal.eu/media/4614/pc_hcp_199_pic.JPG,f50ac01e9e219b7f50d79a2373a81355ce81dbf94da43b12be1b1e7ff9a6a9ce,images/positions/C199.L08.T26.png
229,C199.L08.T27,LEFT_CCW,L08,L08.G09,27,G18,t,False,"[""G18""]",graphical_agreement,"[200, 766, 310, 834]","[766, 1475, 834, 1585]",CCW90,"{""A"": 797, ""B"": 800}",P0229,B08.P27,G18,G18,0.91,high,"{""A"": [], ""B"": []}",https://api.hcportal.eu/media/4614/pc_hcp_199_pic.JPG,f50ac01e9e219b7f50d79a2373a81355ce81dbf94da43b12be1b1e7ff9a6a9ce,images/positions/C199.L08.T27.png
230,C199.L08.T28,LEFT_CCW,L08,L08.G09,28,G09,a,False,"[""G09""]",graphical_agreement,"[200, 789, 310, 850]","[789, 1475, 850, 1585]",CCW90,"{""A"": 819, ""B"": 822}",P0230,B08.P28,G09,G09,0.91,high,"{""A"": [], ""B"": []}",https://api.hcportal.eu/media/4614/pc_hcp_199_pic.JPG,f50ac01e9e219b7f50d79a2373a81355ce81dbf94da43b12be1b1e7ff9a6a9ce,images/positions/C199.L08.T28.png
231,C199.L08.T29,LEFT_CCW,L08,L08.G09,29,G15,m,False,"[""G15""]",graphical_agreement,"[200, 813, 310, 878]","[813, 1475, 878, 1585]",CCW90,"{""A"": 843, ""B"": 847}",P0231,B08.P29,G15,G15,0.91,high,"{""A"": [], ""B"": []}",https://api.hcportal.eu/media/4614/pc_hcp_199_pic.JPG,f50ac01e9e219b7f50d79a2373a81355ce81dbf94da43b12be1b1e7ff9a6a9ce,images/positions/C199.L08.T29.png
232,C199.L08.T30,LEFT_CCW,L08,L08.G10,30,G14,n,False,"[""G14""]",graphical_agreement,"[200, 858, 310, 919]","[858, 1475, 919, 1585]",CCW90,"{""A"": 888, ""B"": 890}",P0232,B08.P30,G14,G14,0.91,high,"{""A"": [], ""B"": []}",https://api.hcportal.eu/media/4614/pc_hcp_199_pic.JPG,f50ac01e9e219b7f50d79a2373a81355ce81dbf94da43b12be1b1e7ff9a6a9ce,images/positions/C199.L08.T30.png
233,C199.L08.T31,LEFT_CCW,L08,L08.G10,31,G03,e,False,"[""G03""]",graphical_agreement,"[200, 882, 310, 943]","[882, 1475, 943, 1585]",CCW90,"{""A"": 912, ""B"": 915}",P0233,B08.P31,G03,G03,0.91,high,"{""A"": [], ""B"": []}",https://api.hcportal.eu/media/4614/pc_hcp_199_pic.JPG,f50ac01e9e219b7f50d79a2373a81355ce81dbf94da43b12be1b1e7ff9a6a9ce,images/positions/C199.L08.T31.png
234,C199.L08.T32,LEFT_CCW,L08,L08.G10,32,G17,b,False,"[""G17""]",graphical_agreement,"[200, 903, 310, 971]","[903, 1475, 971, 1585]",CCW90,"{""A"": 936, ""B"": 937}",P0234,B08.P32,G17,G17,0.91,high,"{""A"": [], ""B"": []}",https://api.hcportal.eu/media/4614/pc_hcp_199_pic.JPG,f50ac01e9e219b7f50d79a2373a81355ce81dbf94da43b12be1b1e7ff9a6a9ce,images/positions/C199.L08.T32.png
235,C199.L08.T33,LEFT_CCW,L08,L08.G10,33,G05,y,False,"[""G05""]",graphical_agreement,"[200, 930, 310, 991]","[930, 1475, 991, 1585]",CCW90,"{""A"": 960, ""B"": 961}",P0235,B08.P33,G05,G05,0.91,high,"{""A"": [], ""B"": []}",https://api.hcportal.eu/media/4614/pc_hcp_199_pic.JPG,f50ac01e9e219b7f50d79a2373a81355ce81dbf94da43b12be1b1e7ff9a6a9ce,images/positions/C199.L08.T33.png
236,C199.L08.T34,LEFT_CCW,L08,L08.G10,34,G04,l,False,"[""G04""]",graphical_agreement,"[200, 952, 310, 1013]","[952, 1475, 1013, 1585]",CCW90,"{""A"": 982, ""B"": 983}",P0236,B08.P34,G04,G04,0.91,high,"{""A"": [], ""B"": []}",https://api.hcportal.eu/media/4614/pc_hcp_199_pic.JPG,f50ac01e9e219b7f50d79a2373a81355ce81dbf94da43b12be1b1e7ff9a6a9ce,images/positions/C199.L08.T34.png
237,C199.L08.T35,LEFT_CCW,L08,L08.G10,35,G11,o,False,"[""G11""]",graphical_agreement,"[200, 974, 310, 1035]","[974, 1475, 1035, 1585]",CCW90,"{""A"": 1004, ""B"": 1005}",P0237,B08.P35,G11,G11,0.91,high,"{""A"": [], ""B"": []}",https://api.hcportal.eu/media/4614/pc_hcp_199_pic.JPG,f50ac01e9e219b7f50d79a2373a81355ce81dbf94da43b12be1b1e7ff9a6a9ce,images/positions/C199.L08.T35.png
238,C199.L08.T36,LEFT_CCW,L08,L08.G11,36,G14,n,False,"[""G14""]",graphical_agreement,"[200, 1011, 310, 1072]","[1011, 1475, 1072, 1585]",CCW90,"{""A"": 1041, ""B"": 1045}",P0238,B08.P36,G14,G14,0.91,high,"{""A"": [], ""B"": []}",https://api.hcportal.eu/media/4614/pc_hcp_199_pic.JPG,f50ac01e9e219b7f50d79a2373a81355ce81dbf94da43b12be1b1e7ff9a6a9ce,images/positions/C199.L08.T36.png
239,C199.L08.T37,LEFT_CCW,L08,L08.G11,37,G07,i,False,"[""G07""]",graphical_agreement,"[200, 1042, 310, 1103]","[1042, 1475, 1103, 1585]",CCW90,"{""A"": 1072, ""B"": 1070}",P0239,B08.P37,G07,G07,0.91,high,"{""A"": [], ""B"": []}",https://api.hcportal.eu/media/4614/pc_hcp_199_pic.JPG,f50ac01e9e219b7f50d79a2373a81355ce81dbf94da43b12be1b1e7ff9a6a9ce,images/positions/C199.L08.T37.png
240,C199.L08.T38,LEFT_CCW,L08,L08.G11,38,G19,c,False,"[""G19""]",graphical_agreement,"[200, 1065, 310, 1126]","[1065, 1475, 1126, 1585]",CCW90,"{""A"": 1095, ""B"": 1094}",P0240,B08.P38,G19,G19,0.91,high,"{""A"": [], ""B"": []}",https://api.hcportal.eu/media/4614/pc_hcp_199_pic.JPG,f50ac01e9e219b7f50d79a2373a81355ce81dbf94da43b12be1b1e7ff9a6a9ce,images/positions/C199.L08.T38.png
241,C199.L09.T01,LEFT_CCW,L09,L09.G01,1,G17,b,False,"[""G17""]",graphical_agreement,"[150, 54, 271, 122]","[54, 1514, 122, 1635]",CCW90,"{""A"": 90, ""B"": 88}",P0241,B09.P01,G17,G17,0.91,high,"{""A"": [], ""B"": []}",https://api.hcportal.eu/media/4614/pc_hcp_199_pic.JPG,f50ac01e9e219b7f50d79a2373a81355ce81dbf94da43b12be1b1e7ff9a6a9ce,images/positions/C199.L09.T01.png
242,C199.L09.T02,LEFT_CCW,L09,L09.G01,2,G09,a,False,"[""G09""]",graphical_agreement,"[150, 82, 271, 143]","[82, 1514, 143, 1635]",CCW90,"{""A"": 112, ""B"": 112}",P0242,B09.P02,G09,G09,0.91,high,"{""A"": [], ""B"": []}",https://api.hcportal.eu/media/4614/pc_hcp_199_pic.JPG,f50ac01e9e219b7f50d79a2373a81355ce81dbf94da43b12be1b1e7ff9a6a9ce,images/positions/C199.L09.T02.png
243,C199.L09.T03,LEFT_CCW,L09,L09.G01,3,G01,v,False,"[""G01""]",graphical_agreement,"[150, 101, 271, 170]","[101, 1514, 170, 1635]",CCW90,"{""A"": 139, ""B"": 135}",P0243,B09.P03,G01,G01,0.91,high,"{""A"": [], ""B"": []}",https://api.hcportal.eu/media/4614/pc_hcp_199_pic.JPG,f50ac01e9e219b7f50d79a2373a81355ce81dbf94da43b12be1b1e7ff9a6a9ce,images/positions/C199.L09.T03.png
244,C199.L09.T04,LEFT_CCW,L09,L09.G01,4,G07,i,False,"[""G07""]",graphical_agreement,"[150, 132, 271, 193]","[132, 1514, 193, 1635]",CCW90,"{""A"": 162, ""B"": 159}",P0244,B09.P04,G07,G07,0.91,high,"{""A"": [], ""B"": []}",https://api.hcportal.eu/media/4614/pc_hcp_199_pic.JPG,f50ac01e9e219b7f50d79a2373a81355ce81dbf94da43b12be1b1e7ff9a6a9ce,images/positions/C199.L09.T04.png
245,C199.L09.T05,LEFT_CCW,L09,L09.G01,5,G04,l,False,"[""G04""]",graphical_agreement,"[150, 153, 271, 214]","[153, 1514, 214, 1635]",CCW90,"{""A"": 183, ""B"": 181}",P0245,B09.P05,G04,G04,0.91,high,"{""A"": [], ""B"": []}",https://api.hcportal.eu/media/4614/pc_hcp_199_pic.JPG,f50ac01e9e219b7f50d79a2373a81355ce81dbf94da43b12be1b1e7ff9a6a9ce,images/positions/C199.L09.T05.png
246,C199.L09.T06,LEFT_CCW,L09,L09.G01,6,G11,o,False,"[""G11""]",graphical_agreement,"[150, 175, 271, 236]","[175, 1514, 236, 1635]",CCW90,"{""A"": 205, ""B"": 205}",P0246,B09.P06,G11,G11,0.91,high,"{""A"": [], ""B"": []}",https://api.hcportal.eu/media/4614/pc_hcp_199_pic.JPG,f50ac01e9e219b7f50d79a2373a81355ce81dbf94da43b12be1b1e7ff9a6a9ce,images/positions/C199.L09.T06.png
247,C199.L09.T08,LEFT_CCW,L09,L09.G02,8,G01,v,False,"[""G01""]",graphical_agreement,"[150, 229, 271, 299]","[229, 1514, 299, 1635]",CCW90,"{""A"": 268, ""B"": 263}",P0247,B09.P08,G01,G01,0.91,high,"{""A"": [], ""B"": []}",https://api.hcportal.eu/media/4614/pc_hcp_199_pic.JPG,f50ac01e9e219b7f50d79a2373a81355ce81dbf94da43b12be1b1e7ff9a6a9ce,images/positions/C199.L09.T08.png
248,C199.L09.T09,LEFT_CCW,L09,L09.G03,9,G20,p,False,"[""G20""]",graphical_agreement,"[150, 269, 271, 337]","[269, 1514, 337, 1635]",CCW90,"{""A"": 305, ""B"": 303}",P0248,B09.P09,G20,G20,0.91,high,"{""A"": [], ""B"": []}",https://api.hcportal.eu/media/4614/pc_hcp_199_pic.JPG,f50ac01e9e219b7f50d79a2373a81355ce81dbf94da43b12be1b1e7ff9a6a9ce,images/positions/C199.L09.T09.png
249,C199.L09.T10,LEFT_CCW,L09,L09.G03,10,G11,o,False,"[""G11""]",graphical_agreement,"[150, 292, 271, 353]","[292, 1514, 353, 1635]",CCW90,"{""A"": 322, ""B"": 319}",P0249,B09.P10,G11,G11,0.91,high,"{""A"": [], ""B"": []}",https://api.hcportal.eu/media/4614/pc_hcp_199_pic.JPG,f50ac01e9e219b7f50d79a2373a81355ce81dbf94da43b12be1b1e7ff9a6a9ce,images/positions/C199.L09.T10.png
250,C199.L09.T11,LEFT_CCW,L09,L09.G03,11,G14,n,False,"[""G14""]",graphical_agreement,"[150, 317, 271, 378]","[317, 1514, 378, 1635]",CCW90,"{""A"": 347, ""B"": 346}",P0250,B09.P11,G14,G14,0.91,high,"{""A"": [], ""B"": []}",https://api.hcportal.eu/media/4614/pc_hcp_199_pic.JPG,f50ac01e9e219b7f50d79a2373a81355ce81dbf94da43b12be1b1e7ff9a6a9ce,images/positions/C199.L09.T11.png
251,C199.L09.T12,LEFT_CCW,L09,L09.G03,12,G06,d,False,"[""G06""]",graphical_agreement,"[150, 337, 271, 405]","[337, 1514, 405, 1635]",CCW90,"{""A"": 372, ""B"": 371}",P0251,B09.P12,G06,G06,0.91,high,"{""A"": [], ""B"": []}",https://api.hcportal.eu/media/4614/pc_hcp_199_pic.JPG,f50ac01e9e219b7f50d79a2373a81355ce81dbf94da43b12be1b1e7ff9a6a9ce,images/positions/C199.L09.T12.png
252,C199.L09.T13,LEFT_CCW,L09,L09.G03,13,G03,e,False,"[""G03""]",graphical_agreement,"[150, 362, 271, 424]","[362, 1514, 424, 1635]",CCW90,"{""A"": 393, ""B"": 388}",P0252,B09.P13,G03,G03,0.91,high,"{""A"": [], ""B"": []}",https://api.hcportal.eu/media/4614/pc_hcp_199_pic.JPG,f50ac01e9e219b7f50d79a2373a81355ce81dbf94da43b12be1b1e7ff9a6a9ce,images/positions/C199.L09.T13.png
253,C199.L09.T14,LEFT_CCW,L09,L09.G03,14,G04,l,False,"[""G04""]",graphical_agreement,"[150, 384, 271, 448]","[384, 1514, 448, 1635]",CCW90,"{""A"": 417, ""B"": 410}",P0253,B09.P14,G04,G04,0.91,high,"{""A"": [], ""B"": []}",https://api.hcportal.eu/media/4614/pc_hcp_199_pic.JPG,f50ac01e9e219b7f50d79a2373a81355ce81dbf94da43b12be1b1e7ff9a6a9ce,images/positions/C199.L09.T14.png
254,C199.L09.T15,LEFT_CCW,L09,L09.G03,15,G07,i,False,"[""G07""]",graphical_agreement,"[150, 407, 271, 469]","[407, 1514, 469, 1635]",CCW90,"{""A"": 438, ""B"": 433}",P0254,B09.P15,G07,G07,0.91,high,"{""A"": [], ""B"": []}",https://api.hcportal.eu/media/4614/pc_hcp_199_pic.JPG,f50ac01e9e219b7f50d79a2373a81355ce81dbf94da43b12be1b1e7ff9a6a9ce,images/positions/C199.L09.T15.png
255,C199.L09.T16,LEFT_CCW,L09,L09.G04,16,G20,p,False,"[""G20""]",graphical_agreement,"[150, 449, 271, 518]","[449, 1514, 518, 1635]",CCW90,"{""A"": 486, ""B"": 484}",P0255,B09.P16,G20,G20,0.91,high,"{""A"": [], ""B"": []}",https://api.hcportal.eu/media/4614/pc_hcp_199_pic.JPG,f50ac01e9e219b7f50d79a2373a81355ce81dbf94da43b12be1b1e7ff9a6a9ce,images/positions/C199.L09.T16.png
256,C199.L09.T17,LEFT_CCW,L09,L09.G04,17,G12,u,False,"[""G12""]",graphical_agreement,"[150, 475, 271, 536]","[475, 1514, 536, 1635]",CCW90,"{""A"": 505, ""B"": 505}",P0256,B09.P17,G12,G12,0.91,high,"{""A"": [], ""B"": []}",https://api.hcportal.eu/media/4614/pc_hcp_199_pic.JPG,f50ac01e9e219b7f50d79a2373a81355ce81dbf94da43b12be1b1e7ff9a6a9ce,images/positions/C199.L09.T17.png
257,C199.L09.T18,LEFT_CCW,L09,L09.G04,18,G21,j,False,"[""G21""]",graphical_agreement,"[150, 501, 271, 562]","[501, 1514, 562, 1635]",CCW90,"{""A"": 531, ""B"": 530}",P0257,B09.P18,G21,G21,0.91,high,"{""A"": [], ""B"": []}",https://api.hcportal.eu/media/4614/pc_hcp_199_pic.JPG,f50ac01e9e219b7f50d79a2373a81355ce81dbf94da43b12be1b1e7ff9a6a9ce,images/positions/C199.L09.T18.png
258,C199.L09.T19,LEFT_CCW,L09,L09.G04,19,G06,d,False,"[""G06""]",graphical_agreement,"[150, 518, 271, 586]","[518, 1514, 586, 1635]",CCW90,"{""A"": 552, ""B"": 552}",P0258,B09.P19,G06,G06,0.91,high,"{""A"": [], ""B"": []}",https://api.hcportal.eu/media/4614/pc_hcp_199_pic.JPG,f50ac01e9e219b7f50d79a2373a81355ce81dbf94da43b12be1b1e7ff9a6a9ce,images/positions/C199.L09.T19.png
259,C199.L09.T20,LEFT_CCW,L09,L09.G04,20,G12,u,False,"[""G12""]",graphical_agreement,"[150, 544, 271, 605]","[544, 1514, 605, 1635]",CCW90,"{""A"": 574, ""B"": 573}",P0259,B09.P20,G12,G12,0.91,high,"{""A"": [], ""B"": []}",https://api.hcportal.eu/media/4614/pc_hcp_199_pic.JPG,f50ac01e9e219b7f50d79a2373a81355ce81dbf94da43b12be1b1e7ff9a6a9ce,images/positions/C199.L09.T20.png
260,C199.L09.T21,LEFT_CCW,L09,L09.G05,21,G06,d,False,"[""G06""]",graphical_agreement,"[150, 584, 271, 652]","[584, 1514, 652, 1635]",CCW90,"{""A"": 617, ""B"": 618}",P0260,B09.P21,G06,G06,0.91,high,"{""A"": [], ""B"": []}",https://api.hcportal.eu/media/4614/pc_hcp_199_pic.JPG,f50ac01e9e219b7f50d79a2373a81355ce81dbf94da43b12be1b1e7ff9a6a9ce,images/positions/C199.L09.T21.png
261,C199.L09.T22,LEFT_CCW,L09,L09.G05,22,G11,o,False,"[""G11""]",graphical_agreement,"[150, 608, 271, 672]","[608, 1514, 672, 1635]",CCW90,"{""A"": 638, ""B"": 640}",P0261,B09.P22,G11,G11,0.91,high,"{""A"": [], ""B"": []}",https://api.hcportal.eu/media/4614/pc_hcp_199_pic.JPG,f50ac01e9e219b7f50d79a2373a81355ce81dbf94da43b12be1b1e7ff9a6a9ce,images/positions/C199.L09.T22.png
262,C199.L09.T23,LEFT_CCW,L09,L09.G06,23,G02,r,False,"[""G02""]",graphical_agreement,"[150, 652, 271, 720]","[652, 1514, 720, 1635]",CCW90,"{""A"": 688, ""B"": 686}",P0262,B09.P23,G02,G02,0.91,high,"{""A"": [], ""B"": []}",https://api.hcportal.eu/media/4614/pc_hcp_199_pic.JPG,f50ac01e9e219b7f50d79a2373a81355ce81dbf94da43b12be1b1e7ff9a6a9ce,images/positions/C199.L09.T23.png
263,C199.L09.T24,LEFT_CCW,L09,L09.G06,24,G12,u,False,"[""G12""]",graphical_agreement,"[150, 677, 271, 738]","[677, 1514, 738, 1635]",CCW90,"{""A"": 707, ""B"": 706}",P0263,B09.P24,G12,G12,0.91,high,"{""A"": [], ""B"": []}",https://api.hcportal.eu/media/4614/pc_hcp_199_pic.JPG,f50ac01e9e219b7f50d79a2373a81355ce81dbf94da43b12be1b1e7ff9a6a9ce,images/positions/C199.L09.T24.png
264,C199.L09.T25,LEFT_CCW,L09,L09.G06,25,G06,d,False,"[""G06""]",graphical_agreement,"[150, 687, 271, 761]","[687, 1514, 761, 1635]",CCW90,"{""A"": 730, ""B"": 721}",P0264,B09.P25,G06,G06,0.91,high,"{""A"": [], ""B"": []}",https://api.hcportal.eu/media/4614/pc_hcp_199_pic.JPG,f50ac01e9e219b7f50d79a2373a81355ce81dbf94da43b12be1b1e7ff9a6a9ce,images/positions/C199.L09.T25.png
265,C199.L09.T26,LEFT_CCW,L09,L09.G06,26,G11,o,False,"[""G11""]",graphical_agreement,"[150, 712, 271, 779]","[712, 1514, 779, 1635]",CCW90,"{""A"": 748, ""B"": 738}",P0265,B09.P26,G11,G11,0.91,high,"{""A"": [], ""B"": []}",https://api.hcportal.eu/media/4614/pc_hcp_199_pic.JPG,f50ac01e9e219b7f50d79a2373a81355ce81dbf94da43b12be1b1e7ff9a6a9ce,images/positions/C199.L09.T26.png
266,C199.L09.T27,LEFT_CCW,L09,L09.G06,27,G04,l,False,"[""G04""]",graphical_agreement,"[150, 735, 271, 802]","[735, 1514, 802, 1635]",CCW90,"{""A"": 771, ""B"": 761}",P0266,B09.P27,G04,G04,0.91,high,"{""A"": [], ""B"": []}",https://api.hcportal.eu/media/4614/pc_hcp_199_pic.JPG,f50ac01e9e219b7f50d79a2373a81355ce81dbf94da43b12be1b1e7ff9a6a9ce,images/positions/C199.L09.T27.png
267,C199.L09.T28,LEFT_CCW,L09,L09.G06,28,G16,f,False,"[""G16""]",graphical_agreement,"[150, 758, 271, 819]","[758, 1514, 819, 1635]",CCW90,"{""A"": 788, ""B"": 785}",P0267,B09.P28,G16,G16,0.91,high,"{""A"": [], ""B"": []}",https://api.hcportal.eu/media/4614/pc_hcp_199_pic.JPG,f50ac01e9e219b7f50d79a2373a81355ce81dbf94da43b12be1b1e7ff9a6a9ce,images/positions/C199.L09.T28.png
268,C199.L09.T29,LEFT_CCW,L09,L09.G06,29,G07,i,False,"[""G07""]",graphical_agreement,"[150, 776, 271, 837]","[776, 1514, 837, 1635]",CCW90,"{""A"": 806, ""B"": 804}",P0268,B09.P29,G07,G07,0.91,high,"{""A"": [], ""B"": []}",https://api.hcportal.eu/media/4614/pc_hcp_199_pic.JPG,f50ac01e9e219b7f50d79a2373a81355ce81dbf94da43b12be1b1e7ff9a6a9ce,images/positions/C199.L09.T29.png
269,C199.L09.T30,LEFT_CCW,L09,L09.G06,30,G14,n,False,"[""G14""]",graphical_agreement,"[150, 804, 271, 866]","[804, 1514, 866, 1635]",CCW90,"{""A"": 835, ""B"": 830}",P0269,B09.P30,G14,G14,0.91,high,"{""A"": [], ""B"": []}",https://api.hcportal.eu/media/4614/pc_hcp_199_pic.JPG,f50ac01e9e219b7f50d79a2373a81355ce81dbf94da43b12be1b1e7ff9a6a9ce,images/positions/C199.L09.T30.png
270,C199.L09.T31,LEFT_CCW,L09,L09.G06,31,G09,a,False,"[""G09""]",graphical_agreement,"[150, 829, 271, 890]","[829, 1514, 890, 1635]",CCW90,"{""A"": 859, ""B"": 858}",P0270,B09.P31,G09,G09,0.91,high,"{""A"": [], ""B"": []}",https://api.hcportal.eu/media/4614/pc_hcp_199_pic.JPG,f50ac01e9e219b7f50d79a2373a81355ce81dbf94da43b12be1b1e7ff9a6a9ce,images/positions/C199.L09.T31.png
271,C199.L09.T32,LEFT_CCW,L09,L09.G07,32,G14,n,False,"[""G14""]",graphical_agreement,"[150, 871, 271, 936]","[871, 1514, 936, 1635]",CCW90,"{""A"": 905, ""B"": 902}",P0271,B09.P32,G14,G14,0.91,high,"{""A"": [], ""B"": []}",https://api.hcportal.eu/media/4614/pc_hcp_199_pic.JPG,f50ac01e9e219b7f50d79a2373a81355ce81dbf94da43b12be1b1e7ff9a6a9ce,images/positions/C199.L09.T32.png
272,C199.L09.T33,LEFT_CCW,L09,L09.G07,33,G09,a,False,"[""G09""]",graphical_agreement,"[150, 900, 271, 962]","[900, 1514, 962, 1635]",CCW90,"{""A"": 930, ""B"": 931}",P0272,B09.P33,G09,G09,0.91,high,"{""A"": [], ""B"": []}",https://api.hcportal.eu/media/4614/pc_hcp_199_pic.JPG,f50ac01e9e219b7f50d79a2373a81355ce81dbf94da43b12be1b1e7ff9a6a9ce,images/positions/C199.L09.T33.png
273,C199.L09.T34,LEFT_CCW,L09,L09.G08,34,G18,t,False,"[""G18""]",graphical_agreement,"[150, 941, 271, 1009]","[941, 1514, 1009, 1635]",CCW90,"{""A"": 976, ""B"": 975}",P0273,B09.P34,G18,G18,0.91,high,"{""A"": [], ""B"": []}",https://api.hcportal.eu/media/4614/pc_hcp_199_pic.JPG,f50ac01e9e219b7f50d79a2373a81355ce81dbf94da43b12be1b1e7ff9a6a9ce,images/positions/C199.L09.T34.png
274,C199.L09.T35,LEFT_CCW,L09,L09.G08,35,G02,r,False,"[""G02""]",graphical_agreement,"[150, 960, 271, 1029]","[960, 1514, 1029, 1635]",CCW90,"{""A"": 998, ""B"": 994}",P0274,B09.P35,G02,G02,0.91,high,"{""A"": [], ""B"": []}",https://api.hcportal.eu/media/4614/pc_hcp_199_pic.JPG,f50ac01e9e219b7f50d79a2373a81355ce81dbf94da43b12be1b1e7ff9a6a9ce,images/positions/C199.L09.T35.png
275,C199.L09.T36,LEFT_CCW,L09,L09.G08,36,G03,e,False,"[""G03""]",graphical_agreement,"[150, 989, 271, 1052]","[989, 1514, 1052, 1635]",CCW90,"{""A"": 1021, ""B"": 1015}",P0275,B09.P36,G03,G03,0.91,high,"{""A"": [], ""B"": []}",https://api.hcportal.eu/media/4614/pc_hcp_199_pic.JPG,f50ac01e9e219b7f50d79a2373a81355ce81dbf94da43b12be1b1e7ff9a6a9ce,images/positions/C199.L09.T36.png
276,C199.L09.T37,LEFT_CCW,L09,L09.G08,37,G18,t,False,"[""G18""]",graphical_agreement,"[150, 1007, 271, 1077]","[1007, 1514, 1077, 1635]",CCW90,"{""A"": 1046, ""B"": 1041}",P0276,B09.P37,G18,G18,0.91,high,"{""A"": [], ""B"": []}",https://api.hcportal.eu/media/4614/pc_hcp_199_pic.JPG,f50ac01e9e219b7f50d79a2373a81355ce81dbf94da43b12be1b1e7ff9a6a9ce,images/positions/C199.L09.T37.png
277,C199.L09.T38,LEFT_CCW,L09,L09.G08,38,G07,i,False,"[""G07""]",graphical_agreement,"[150, 1036, 271, 1100]","[1036, 1514, 1100, 1635]",CCW90,"{""A"": 1069, ""B"": 1062}",P0277,B09.P38,G07,G07,0.91,high,"{""A"": [], ""B"": []}",https://api.hcportal.eu/media/4614/pc_hcp_199_pic.JPG,f50ac01e9e219b7f50d79a2373a81355ce81dbf94da43b12be1b1e7ff9a6a9ce,images/positions/C199.L09.T38.png
278,C199.L10.T01,LEFT_CCW,L10,L10.G01,1,G08_N01,k,False,"[""G08_N01""]",graphical_agreement,"[95, 40, 215, 141]","[40, 1570, 141, 1690]",CCW90,"{""A"": 90, ""B"": 86}",P0278,B10.P01,G08_N01,G08_N01,0.91,high,"{""A"": [], ""B"": []}",https://api.hcportal.eu/media/4614/pc_hcp_199_pic.JPG,f50ac01e9e219b7f50d79a2373a81355ce81dbf94da43b12be1b1e7ff9a6a9ce,images/positions/C199.L10.T01.png
279,C199.L10.T02,LEFT_CCW,L10,L10.G01,2,G11,o,False,"[""G11""]",graphical_agreement,"[95, 80, 215, 141]","[80, 1570, 141, 1690]",CCW90,"{""A"": 110, ""B"": 108}",P0279,B10.P02,G11,G11,0.91,high,"{""A"": [], ""B"": []}",https://api.hcportal.eu/media/4614/pc_hcp_199_pic.JPG,f50ac01e9e219b7f50d79a2373a81355ce81dbf94da43b12be1b1e7ff9a6a9ce,images/positions/C199.L10.T02.png
280,C199.L10.T03,LEFT_CCW,L10,L10.G01,3,G14,n,False,"[""G14""]",graphical_agreement,"[95, 109, 215, 170]","[109, 1570, 170, 1690]",CCW90,"{""A"": 139, ""B"": 136}",P0280,B10.P03,G14,G14,0.91,high,"{""A"": [], ""B"": []}",https://api.hcportal.eu/media/4614/pc_hcp_199_pic.JPG,f50ac01e9e219b7f50d79a2373a81355ce81dbf94da43b12be1b1e7ff9a6a9ce,images/positions/C199.L10.T03.png
281,C199.L10.T04,LEFT_CCW,L10,L10.G01,4,G19,c,False,"[""G19""]",graphical_agreement,"[95, 137, 215, 198]","[137, 1570, 198, 1690]",CCW90,"{""A"": 167, ""B"": 165}",P0281,B10.P04,G19,G19,0.91,high,"{""A"": [], ""B"": []}",https://api.hcportal.eu/media/4614/pc_hcp_199_pic.JPG,f50ac01e9e219b7f50d79a2373a81355ce81dbf94da43b12be1b1e7ff9a6a9ce,images/positions/C199.L10.T04.png
282,C199.L10.T05,LEFT_CCW,L10,L10.G01,5,G03,e,False,"[""G03""]",graphical_agreement,"[95, 157, 215, 218]","[157, 1570, 218, 1690]",CCW90,"{""A"": 187, ""B"": 186}",P0282,B10.P05,G03,G03,0.91,high,"{""A"": [], ""B"": []}",https://api.hcportal.eu/media/4614/pc_hcp_199_pic.JPG,f50ac01e9e219b7f50d79a2373a81355ce81dbf94da43b12be1b1e7ff9a6a9ce,images/positions/C199.L10.T05.png
283,C199.L10.T06,LEFT_CCW,L10,L10.G01,6,G02,r,False,"[""G02""]",graphical_agreement,"[95, 173, 215, 241]","[173, 1570, 241, 1690]",CCW90,"{""A"": 209, ""B"": 207}",P0283,B10.P06,G02,G02,0.91,high,"{""A"": [], ""B"": []}",https://api.hcportal.eu/media/4614/pc_hcp_199_pic.JPG,f50ac01e9e219b7f50d79a2373a81355ce81dbf94da43b12be1b1e7ff9a6a9ce,images/positions/C199.L10.T06.png
284,C199.L10.T07,LEFT_CCW,L10,L10.G01,7,G18,t,False,"[""G18""]",graphical_agreement,"[95, 203, 215, 271]","[203, 1570, 271, 1690]",CCW90,"{""A"": 238, ""B"": 237}",P0284,B10.P07,G18,G18,0.91,high,"{""A"": [], ""B"": []}",https://api.hcportal.eu/media/4614/pc_hcp_199_pic.JPG,f50ac01e9e219b7f50d79a2373a81355ce81dbf94da43b12be1b1e7ff9a6a9ce,images/positions/C199.L10.T07.png
285,C199.L10.T08,LEFT_CCW,L10,L10.G02,8,G19,c,False,"[""G19""]",graphical_agreement,"[95, 251, 215, 321]","[251, 1570, 321, 1690]",CCW90,"{""A"": 290, ""B"": 284}",P0285,B10.P08,G19,G19,0.91,high,"{""A"": [], ""B"": []}",https://api.hcportal.eu/media/4614/pc_hcp_199_pic.JPG,f50ac01e9e219b7f50d79a2373a81355ce81dbf94da43b12be1b1e7ff9a6a9ce,images/positions/C199.L10.T08.png
286,C199.L10.T09,LEFT_CCW,L10,L10.G02,9,G12,u,False,"[""G12""]",graphical_agreement,"[95, 284, 215, 346]","[284, 1570, 346, 1690]",CCW90,"{""A"": 315, ""B"": 310}",P0286,B10.P09,G12,G12,0.91,high,"{""A"": [], ""B"": []}",https://api.hcportal.eu/media/4614/pc_hcp_199_pic.JPG,f50ac01e9e219b7f50d79a2373a81355ce81dbf94da43b12be1b1e7ff9a6a9ce,images/positions/C199.L10.T09.png
287,C199.L10.T10,LEFT_CCW,L10,L10.G02,10,G02,r,False,"[""G02""]",graphical_agreement,"[95, 307, 215, 375]","[307, 1570, 375, 1690]",CCW90,"{""A"": 340, ""B"": 341}",P0287,B10.P10,G02,G02,0.91,high,"{""A"": [], ""B"": []}",https://api.hcportal.eu/media/4614/pc_hcp_199_pic.JPG,f50ac01e9e219b7f50d79a2373a81355ce81dbf94da43b12be1b1e7ff9a6a9ce,images/positions/C199.L10.T10.png
288,C199.L10.T11,LEFT_CCW,L10,L10.G02,11,G14,n,False,"[""G14""]",graphical_agreement,"[95, 346, 215, 407]","[346, 1570, 407, 1690]",CCW90,"{""A"": 376, ""B"": 375}",P0288,B10.P11,G14,G14,0.91,high,"{""A"": [], ""B"": []}",https://api.hcportal.eu/media/4614/pc_hcp_199_pic.JPG,f50ac01e9e219b7f50d79a2373a81355ce81dbf94da43b12be1b1e7ff9a6a9ce,images/positions/C199.L10.T11.png
289,C199.L10.T12,LEFT_CCW,L10,L10.G02,12,G09,a,False,"[""G09""]",graphical_agreement,"[95, 375, 215, 436]","[375, 1570, 436, 1690]",CCW90,"{""A"": 405, ""B"": 402}",P0289,B10.P12,G09,G09,0.91,high,"{""A"": [], ""B"": []}",https://api.hcportal.eu/media/4614/pc_hcp_199_pic.JPG,f50ac01e9e219b7f50d79a2373a81355ce81dbf94da43b12be1b1e7ff9a6a9ce,images/positions/C199.L10.T12.png
290,C199.L10.T13,LEFT_CCW,L10,L10.G02,13,G04,l,False,"[""G04""]",graphical_agreement,"[95, 397, 215, 458]","[397, 1570, 458, 1690]",CCW90,"{""A"": 427, ""B"": 430}",P0290,B10.P13,G04,G04,0.91,high,"{""A"": [], ""B"": []}",https://api.hcportal.eu/media/4614/pc_hcp_199_pic.JPG,f50ac01e9e219b7f50d79a2373a81355ce81dbf94da43b12be1b1e7ff9a6a9ce,images/positions/C199.L10.T13.png
291,C199.L10.T14,LEFT_CCW,L10,L10.G02,14,G07,i,False,"[""G07""]",graphical_agreement,"[95, 415, 215, 476]","[415, 1570, 476, 1690]",CCW90,"{""A"": 445, ""B"": 450}",P0291,B10.P14,G07,G07,0.91,high,"{""A"": [], ""B"": []}",https://api.hcportal.eu/media/4614/pc_hcp_199_pic.JPG,f50ac01e9e219b7f50d79a2373a81355ce81dbf94da43b12be1b1e7ff9a6a9ce,images/positions/C199.L10.T14.png
292,C199.L10.T15,LEFT_CCW,L10,L10.G02,15,G13,s,False,"[""G13""]",graphical_agreement,"[95, 444, 215, 505]","[444, 1570, 505, 1690]",CCW90,"{""A"": 474, ""B"": 478}",P0292,B10.P15,G13,G13,0.91,high,"{""A"": [], ""B"": []}",https://api.hcportal.eu/media/4614/pc_hcp_199_pic.JPG,f50ac01e9e219b7f50d79a2373a81355ce81dbf94da43b12be1b1e7ff9a6a9ce,images/positions/C199.L10.T15.png
293,C199.L10.T16,LEFT_CCW,L10,L10.G02,16,G18,t,False,"[""G18""]",graphical_agreement,"[95, 465, 215, 537]","[465, 1570, 537, 1690]",CCW90,"{""A"": 495, ""B"": 503}",P0293,B10.P16,G18,G18,0.91,high,"{""A"": [], ""B"": []}",https://api.hcportal.eu/media/4614/pc_hcp_199_pic.JPG,f50ac01e9e219b7f50d79a2373a81355ce81dbf94da43b12be1b1e7ff9a6a9ce,images/positions/C199.L10.T16.png
294,C199.L10.T17,LEFT_CCW,L10,L10.G02,17,G12,u,False,"[""G12""]",graphical_agreement,"[95, 488, 215, 549]","[488, 1570, 549, 1690]",CCW90,"{""A"": 518, ""B"": 523}",P0294,B10.P17,G12,G12,0.91,high,"{""A"": [], ""B"": []}",https://api.hcportal.eu/media/4614/pc_hcp_199_pic.JPG,f50ac01e9e219b7f50d79a2373a81355ce81dbf94da43b12be1b1e7ff9a6a9ce,images/positions/C199.L10.T17.png
295,C199.L10.T19,LEFT_CCW,L10,L10.G03,19,G10_CAP,ch,False,"[""G10_CAP""]",complete_marked_template_match,"[95, 556, 215, 617]","[556, 1570, 617, 1690]",CCW90,"{""A"": 586, ""B"": 586}",P0295,B10.P19,G10_CAP,G10_CAP,0.91,high,"{""A"": [{""geometry"": ""Paired low arch/roof above short-shoulder body; matches neutral G10_CAP examples."", ""ownership_confidence"": 0.93}], ""B"": [{""geometry"": ""Detached or near-detached overhead chevron/roof with two sloping wings"", ""type"": ""overhead_cap_in_frozen_fullform_template"", ""ownership_confidence"": ""high"", ""semantic_value"": null}]}",https://api.hcportal.eu/media/4614/pc_hcp_199_pic.JPG,f50ac01e9e219b7f50d79a2373a81355ce81dbf94da43b12be1b1e7ff9a6a9ce,images/positions/C199.L10.T19.png
296,C199.L10.T20,LEFT_CCW,L10,L10.G03,20,G18,t,False,"[""G18""]",graphical_agreement,"[95, 577, 215, 645]","[577, 1570, 645, 1690]",CCW90,"{""A"": 614, ""B"": 611}",P0296,B10.P20,G18,G18,0.91,high,"{""A"": [], ""B"": []}",https://api.hcportal.eu/media/4614/pc_hcp_199_pic.JPG,f50ac01e9e219b7f50d79a2373a81355ce81dbf94da43b12be1b1e7ff9a6a9ce,images/positions/C199.L10.T20.png
297,C199.L10.T21,LEFT_CCW,L10,L10.G03,21,G03,e,False,"[""G03""]",graphical_agreement,"[95, 610, 215, 671]","[610, 1570, 671, 1690]",CCW90,"{""A"": 640, ""B"": 638}",P0297,B10.P21,G03,G03,0.91,high,"{""A"": [], ""B"": []}",https://api.hcportal.eu/media/4614/pc_hcp_199_pic.JPG,f50ac01e9e219b7f50d79a2373a81355ce81dbf94da43b12be1b1e7ff9a6a9ce,images/positions/C199.L10.T21.png
298,C199.L10.T22,LEFT_CCW,L10,L10.G03,22,G04,l,False,"[""G04""]",graphical_agreement,"[95, 631, 215, 693]","[631, 1570, 693, 1690]",CCW90,"{""A"": 661, ""B"": 662}",P0298,B10.P22,G04,G04,0.91,high,"{""A"": [], ""B"": []}",https://api.hcportal.eu/media/4614/pc_hcp_199_pic.JPG,f50ac01e9e219b7f50d79a2373a81355ce81dbf94da43b12be1b1e7ff9a6a9ce,images/positions/C199.L10.T22.png
299,C199.L10.T23,LEFT_CCW,L10,L10.G04,23,G21,j,False,"[""G21""]",graphical_agreement,"[95, 674, 215, 746]","[674, 1570, 746, 1690]",CCW90,"{""A"": 715, ""B"": 705}",P0299,B10.P23,G21,G21,0.91,high,"{""A"": [], ""B"": []}",https://api.hcportal.eu/media/4614/pc_hcp_199_pic.JPG,f50ac01e9e219b7f50d79a2373a81355ce81dbf94da43b12be1b1e7ff9a6a9ce,images/positions/C199.L10.T23.png
300,C199.L10.T24,LEFT_CCW,L10,L10.G04,24,G13,s,False,"[""G13""]",graphical_agreement,"[95, 700, 215, 766]","[700, 1570, 766, 1690]",CCW90,"{""A"": 735, ""B"": 726}",P0300,B10.P24,G13,G13,0.91,high,"{""A"": [], ""B"": []}",https://api.hcportal.eu/media/4614/pc_hcp_199_pic.JPG,f50ac01e9e219b7f50d79a2373a81355ce81dbf94da43b12be1b1e7ff9a6a9ce,images/positions/C199.L10.T24.png
301,C199.L10.T25,LEFT_CCW,L10,L10.G04,25,G03,e,False,"[""G03""]",graphical_agreement,"[95, 722, 215, 789]","[722, 1570, 789, 1690]",CCW90,"{""A"": 758, ""B"": 748}",P0301,B10.P25,G03,G03,0.91,high,"{""A"": [], ""B"": []}",https://api.hcportal.eu/media/4614/pc_hcp_199_pic.JPG,f50ac01e9e219b7f50d79a2373a81355ce81dbf94da43b12be1b1e7ff9a6a9ce,images/positions/C199.L10.T25.png
302,C199.L10.T26,LEFT_CCW,L10,L10.G04,26,G15,m,False,"[""G15""]",graphical_agreement,"[95, 751, 215, 815]","[751, 1570, 815, 1690]",CCW90,"{""A"": 784, ""B"": 777}",P0302,B10.P26,G15,G15,0.91,high,"{""A"": [], ""B"": []}",https://api.hcportal.eu/media/4614/pc_hcp_199_pic.JPG,f50ac01e9e219b7f50d79a2373a81355ce81dbf94da43b12be1b1e7ff9a6a9ce,images/positions/C199.L10.T26.png
303,C199.L10.T27,LEFT_CCW,L10,L10.G05,27,G21,j,False,"[""G21""]",graphical_agreement,"[95, 787, 215, 848]","[787, 1570, 848, 1690]",CCW90,"{""A"": 817, ""B"": 821}",P0303,B10.P27,G21,G21,0.91,high,"{""A"": [], ""B"": []}",https://api.hcportal.eu/media/4614/pc_hcp_199_pic.JPG,f50ac01e9e219b7f50d79a2373a81355ce81dbf94da43b12be1b1e7ff9a6a9ce,images/positions/C199.L10.T27.png
304,C199.L10.T28,LEFT_CCW,L10,L10.G05,28,G07,i,False,"[""G07""]",graphical_agreement,"[95, 814, 215, 875]","[814, 1570, 875, 1690]",CCW90,"{""A"": 844, ""B"": 840}",P0304,B10.P28,G07,G07,0.91,high,"{""A"": [], ""B"": []}",https://api.hcportal.eu/media/4614/pc_hcp_199_pic.JPG,f50ac01e9e219b7f50d79a2373a81355ce81dbf94da43b12be1b1e7ff9a6a9ce,images/positions/C199.L10.T28.png
305,C199.L10.T29,LEFT_CCW,L10,L10.G05,29,G18,t,False,"[""G18""]",graphical_agreement,"[95, 834, 215, 902]","[834, 1570, 902, 1690]",CCW90,"{""A"": 867, ""B"": 868}",P0305,B10.P29,G18,G18,0.91,high,"{""A"": [], ""B"": []}",https://api.hcportal.eu/media/4614/pc_hcp_199_pic.JPG,f50ac01e9e219b7f50d79a2373a81355ce81dbf94da43b12be1b1e7ff9a6a9ce,images/positions/C199.L10.T29.png
306,C199.L10.T30,LEFT_CCW,L10,L10.G05,30,G07,i,False,"[""G07""]",graphical_agreement,"[95, 859, 215, 921]","[859, 1570, 921, 1690]",CCW90,"{""A"": 889, ""B"": 892}",P0306,B10.P30,G07,G07,0.91,high,"{""A"": [], ""B"": []}",https://api.hcportal.eu/media/4614/pc_hcp_199_pic.JPG,f50ac01e9e219b7f50d79a2373a81355ce81dbf94da43b12be1b1e7ff9a6a9ce,images/positions/C199.L10.T30.png
307,C199.L10.T31,LEFT_CCW,L10,L10.G06,31,G21,j,False,"[""G21""]",graphical_agreement,"[95, 897, 215, 958]","[897, 1570, 958, 1690]",CCW90,"{""A"": 927, ""B"": 932}",P0307,B10.P31,G21,G21,0.91,high,"{""A"": [], ""B"": []}",https://api.hcportal.eu/media/4614/pc_hcp_199_pic.JPG,f50ac01e9e219b7f50d79a2373a81355ce81dbf94da43b12be1b1e7ff9a6a9ce,images/positions/C199.L10.T31.png
308,C199.L10.T32,LEFT_CCW,L10,L10.G06,32,G07,i,False,"[""G07""]",graphical_agreement,"[95, 924, 215, 985]","[924, 1570, 985, 1690]",CCW90,"{""A"": 954, ""B"": 954}",P0308,B10.P32,G07,G07,0.91,high,"{""A"": [], ""B"": []}",https://api.hcportal.eu/media/4614/pc_hcp_199_pic.JPG,f50ac01e9e219b7f50d79a2373a81355ce81dbf94da43b12be1b1e7ff9a6a9ce,images/positions/C199.L10.T32.png
309,C199.L10.T33,LEFT_CCW,L10,L10.G06,33,G08_N02,z,False,"[""G08_N02""]",graphical_agreement,"[95, 926, 215, 1027]","[926, 1570, 1027, 1690]",CCW90,"{""A"": 976, ""B"": 976}",P0309,B10.P33,G08_N02,G08_N02,0.91,high,"{""A"": [], ""B"": []}",https://api.hcportal.eu/media/4614/pc_hcp_199_pic.JPG,f50ac01e9e219b7f50d79a2373a81355ce81dbf94da43b12be1b1e7ff9a6a9ce,images/positions/C199.L10.T33.png
310,C199.L10.T34,LEFT_CCW,L10,L10.G07,34,G01,v,False,"[""G01""]",graphical_agreement,"[95, 983, 215, 1051]","[983, 1570, 1051, 1690]",CCW90,"{""A"": 1015, ""B"": 1017}",P0310,B10.P34,G01,G01,0.91,high,"{""A"": [], ""B"": []}",https://api.hcportal.eu/media/4614/pc_hcp_199_pic.JPG,f50ac01e9e219b7f50d79a2373a81355ce81dbf94da43b12be1b1e7ff9a6a9ce,images/positions/C199.L10.T34.png
311,C199.L10.T35,LEFT_CCW,L10,L10.G07,35,G19,c,False,"[""G19""]",graphical_agreement,"[95, 1007, 215, 1068]","[1007, 1570, 1068, 1690]",CCW90,"{""A"": 1037, ""B"": 1038}",P0311,B10.P35,G19,G19,0.91,high,"{""A"": [], ""B"": []}",https://api.hcportal.eu/media/4614/pc_hcp_199_pic.JPG,f50ac01e9e219b7f50d79a2373a81355ce81dbf94da43b12be1b1e7ff9a6a9ce,images/positions/C199.L10.T35.png
312,C199.L10.T36,LEFT_CCW,L10,L10.G07,36,G03,e,False,"[""G03""]",graphical_agreement,"[95, 1024, 215, 1086]","[1024, 1570, 1086, 1690]",CCW90,"{""A"": 1054, ""B"": 1060}",P0312,B10.P36,G03,G03,0.91,high,"{""A"": [], ""B"": []}",https://api.hcportal.eu/media/4614/pc_hcp_199_pic.JPG,f50ac01e9e219b7f50d79a2373a81355ce81dbf94da43b12be1b1e7ff9a6a9ce,images/positions/C199.L10.T36.png
313,C199.L10.T37,LEFT_CCW,L10,L10.G07,37,G02,r,False,"[""G02""]",graphical_agreement,"[95, 1044, 215, 1117]","[1044, 1570, 1117, 1690]",CCW90,"{""A"": 1074, ""B"": 1083}",P0313,B10.P37,G02,G02,0.91,high,"{""A"": [], ""B"": []}",https://api.hcportal.eu/media/4614/pc_hcp_199_pic.JPG,f50ac01e9e219b7f50d79a2373a81355ce81dbf94da43b12be1b1e7ff9a6a9ce,images/positions/C199.L10.T37.png
314,C199.L10.T38,LEFT_CCW,L10,L10.G07,38,G09,a,False,"[""G09""]",graphical_agreement,"[95, 1063, 215, 1128]","[1063, 1570, 1128, 1690]",CCW90,"{""A"": 1093, ""B"": 1101}",P0314,B10.P38,G09,G09,0.91,high,"{""A"": [], ""B"": []}",https://api.hcportal.eu/media/4614/pc_hcp_199_pic.JPG,f50ac01e9e219b7f50d79a2373a81355ce81dbf94da43b12be1b1e7ff9a6a9ce,images/positions/C199.L10.T38.png
315,C199.L11.T01,LEFT_CCW,L11,L11.G01,1,G14,n,False,"[""G14""]",graphical_agreement,"[38, 55, 165, 116]","[55, 1620, 116, 1747]",CCW90,"{""A"": 85, ""B"": 88}",P0315,B11.P01,G14,G14,0.91,high,"{""A"": [], ""B"": []}",https://api.hcportal.eu/media/4614/pc_hcp_199_pic.JPG,f50ac01e9e219b7f50d79a2373a81355ce81dbf94da43b12be1b1e7ff9a6a9ce,images/positions/C199.L11.T01.png
316,C199.L11.T02,LEFT_CCW,L11,L11.G01,2,G09,a,False,"[""G09""]",graphical_agreement,"[38, 86, 165, 147]","[86, 1620, 147, 1747]",CCW90,"{""A"": 116, ""B"": 115}",P0316,B11.P02,G09,G09,0.91,high,"{""A"": [], ""B"": []}",https://api.hcportal.eu/media/4614/pc_hcp_199_pic.JPG,f50ac01e9e219b7f50d79a2373a81355ce81dbf94da43b12be1b1e7ff9a6a9ce,images/positions/C199.L11.T02.png
317,C199.L11.T03,LEFT_CCW,L11,L11.G02,3,G06,d,False,"[""G06""]",graphical_agreement,"[38, 120, 165, 189]","[120, 1620, 189, 1747]",CCW90,"{""A"": 150, ""B"": 155}",P0317,B11.P03,G06,G06,0.91,high,"{""A"": [], ""B"": []}",https://api.hcportal.eu/media/4614/pc_hcp_199_pic.JPG,f50ac01e9e219b7f50d79a2373a81355ce81dbf94da43b12be1b1e7ff9a6a9ce,images/positions/C199.L11.T03.png
318,C199.L11.T04,LEFT_CCW,L11,L11.G02,4,G02,r,False,"[""G02""]",graphical_agreement,"[38, 134, 165, 203]","[134, 1620, 203, 1747]",CCW90,"{""A"": 172, ""B"": 168}",P0318,B11.P04,G02,G02,0.91,high,"{""A"": [], ""B"": []}",https://api.hcportal.eu/media/4614/pc_hcp_199_pic.JPG,f50ac01e9e219b7f50d79a2373a81355ce81dbf94da43b12be1b1e7ff9a6a9ce,images/positions/C199.L11.T04.png
319,C199.L11.T05,LEFT_CCW,L11,L11.G02,5,G12,u,False,"[""G12""]",graphical_agreement,"[38, 161, 165, 222]","[161, 1620, 222, 1747]",CCW90,"{""A"": 191, ""B"": 188}",P0319,B11.P05,G12,G12,0.91,high,"{""A"": [], ""B"": []}",https://api.hcportal.eu/media/4614/pc_hcp_199_pic.JPG,f50ac01e9e219b7f50d79a2373a81355ce81dbf94da43b12be1b1e7ff9a6a9ce,images/positions/C199.L11.T05.png
320,C199.L11.T06,LEFT_CCW,L11,L11.G02,6,G10,h,False,"[""G10""]",graphical_agreement,"[38, 181, 165, 242]","[181, 1620, 242, 1747]",CCW90,"{""A"": 211, ""B"": 209}",P0320,B11.P06,G10,G10,0.91,high,"{""A"": [], ""B"": []}",https://api.hcportal.eu/media/4614/pc_hcp_199_pic.JPG,f50ac01e9e219b7f50d79a2373a81355ce81dbf94da43b12be1b1e7ff9a6a9ce,images/positions/C199.L11.T06.png
321,C199.L11.T07,LEFT_CCW,L11,L11.G02,7,G05,y,False,"[""G05""]",graphical_agreement,"[38, 200, 165, 261]","[200, 1620, 261, 1747]",CCW90,"{""A"": 230, ""B"": 228}",P0321,B11.P07,G05,G05,0.91,high,"{""A"": [], ""B"": []}",https://api.hcportal.eu/media/4614/pc_hcp_199_pic.JPG,f50ac01e9e219b7f50d79a2373a81355ce81dbf94da43b12be1b1e7ff9a6a9ce,images/positions/C199.L11.T07.png
322,C199.L11.T08,LEFT_CCW,L11,L11.G03,8,G08_N01,k,False,"[""G08_N01""]",graphical_agreement,"[38, 216, 165, 317]","[216, 1620, 317, 1747]",CCW90,"{""A"": 266, ""B"": 263}",P0322,B11.P08,G08_N01,G08_N01,0.91,high,"{""A"": [], ""B"": []}",https://api.hcportal.eu/media/4614/pc_hcp_199_pic.JPG,f50ac01e9e219b7f50d79a2373a81355ce81dbf94da43b12be1b1e7ff9a6a9ce,images/positions/C199.L11.T08.png
323,C199.L11.T09,LEFT_CCW,L11,L11.G03,9,G11,o,False,"[""G11""]",graphical_agreement,"[38, 258, 165, 319]","[258, 1620, 319, 1747]",CCW90,"{""A"": 288, ""B"": 290}",P0323,B11.P09,G11,G11,0.91,high,"{""A"": [], ""B"": []}",https://api.hcportal.eu/media/4614/pc_hcp_199_pic.JPG,f50ac01e9e219b7f50d79a2373a81355ce81dbf94da43b12be1b1e7ff9a6a9ce,images/positions/C199.L11.T09.png
324,C199.L11.T10,LEFT_CCW,L11,L11.G03,10,G14,n,False,"[""G14""]",graphical_agreement,"[38, 290, 165, 351]","[290, 1620, 351, 1747]",CCW90,"{""A"": 320, ""B"": 318}",P0324,B11.P10,G14,G14,0.91,high,"{""A"": [], ""B"": []}",https://api.hcportal.eu/media/4614/pc_hcp_199_pic.JPG,f50ac01e9e219b7f50d79a2373a81355ce81dbf94da43b12be1b1e7ff9a6a9ce,images/positions/C199.L11.T10.png
325,C199.L11.T11,LEFT_CCW,L11,L11.G03,11,G19,c,False,"[""G19""]",graphical_agreement,"[38, 315, 165, 379]","[315, 1620, 379, 1747]",CCW90,"{""A"": 348, ""B"": 341}",P0325,B11.P11,G19,G19,0.91,high,"{""A"": [], ""B"": []}",https://api.hcportal.eu/media/4614/pc_hcp_199_pic.JPG,f50ac01e9e219b7f50d79a2373a81355ce81dbf94da43b12be1b1e7ff9a6a9ce,images/positions/C199.L11.T11.png
326,C199.L11.T12,LEFT_CCW,L11,L11.G03,12,G03,e,False,"[""G03""]",graphical_agreement,"[38, 335, 165, 397]","[335, 1620, 397, 1747]",CCW90,"{""A"": 366, ""B"": 361}",P0326,B11.P12,G03,G03,0.91,high,"{""A"": [], ""B"": []}",https://api.hcportal.eu/media/4614/pc_hcp_199_pic.JPG,f50ac01e9e219b7f50d79a2373a81355ce81dbf94da43b12be1b1e7ff9a6a9ce,images/positions/C199.L11.T12.png
327,C199.L11.T13,LEFT_CCW,L11,L11.G03,13,G02,r,False,"[""G02""]",graphical_agreement,"[38, 353, 165, 423]","[353, 1620, 423, 1747]",CCW90,"{""A"": 392, ""B"": 387}",P0327,B11.P13,G02,G02,0.91,high,"{""A"": [], ""B"": []}",https://api.hcportal.eu/media/4614/pc_hcp_199_pic.JPG,f50ac01e9e219b7f50d79a2373a81355ce81dbf94da43b12be1b1e7ff9a6a9ce,images/positions/C199.L11.T13.png
328,C199.L11.T14,LEFT_CCW,L11,L11.G03,14,G18,t,False,"[""G18""]",graphical_agreement,"[38, 380, 165, 451]","[380, 1620, 451, 1747]",CCW90,"{""A"": 420, ""B"": 414}",P0328,B11.P14,G18,G18,0.91,high,"{""A"": [], ""B"": []}",https://api.hcportal.eu/media/4614/pc_hcp_199_pic.JPG,f50ac01e9e219b7f50d79a2373a81355ce81dbf94da43b12be1b1e7ff9a6a9ce,images/positions/C199.L11.T14.png
329,C199.L11.T16,LEFT_CCW,L11,L11.G04,16,G14,n,False,"[""G14""]",graphical_agreement,"[38, 450, 165, 511]","[450, 1620, 511, 1747]",CCW90,"{""A"": 480, ""B"": 480}",P0329,B11.P16,G14,G14,0.91,high,"{""A"": [], ""B"": []}",https://api.hcportal.eu/media/4614/pc_hcp_199_pic.JPG,f50ac01e9e219b7f50d79a2373a81355ce81dbf94da43b12be1b1e7ff9a6a9ce,images/positions/C199.L11.T16.png
330,C199.L11.T17,LEFT_CCW,L11,L11.G04,17,G03,e,False,"[""G03""]",graphical_agreement,"[38, 473, 165, 537]","[473, 1620, 537, 1747]",CCW90,"{""A"": 506, ""B"": 499}",P0330,B11.P17,G03,G03,0.91,high,"{""A"": [], ""B"": []}",https://api.hcportal.eu/media/4614/pc_hcp_199_pic.JPG,f50ac01e9e219b7f50d79a2373a81355ce81dbf94da43b12be1b1e7ff9a6a9ce,images/positions/C199.L11.T17.png
331,C199.L11.T18,LEFT_CCW,L11,L11.G04,18,G17,b,False,"[""G17""]",graphical_agreement,"[38, 494, 165, 562]","[494, 1620, 562, 1747]",CCW90,"{""A"": 527, ""B"": 528}",P0331,B11.P18,G17,G17,0.91,high,"{""A"": [], ""B"": []}",https://api.hcportal.eu/media/4614/pc_hcp_199_pic.JPG,f50ac01e9e219b7f50d79a2373a81355ce81dbf94da43b12be1b1e7ff9a6a9ce,images/positions/C199.L11.T18.png
332,C199.L11.T19,LEFT_CCW,L11,L11.G04,19,G05,y,False,"[""G05""]",graphical_agreement,"[38, 521, 165, 582]","[521, 1620, 582, 1747]",CCW90,"{""A"": 551, ""B"": 549}",P0332,B11.P19,G05,G05,0.91,high,"{""A"": [], ""B"": []}",https://api.hcportal.eu/media/4614/pc_hcp_199_pic.JPG,f50ac01e9e219b7f50d79a2373a81355ce81dbf94da43b12be1b1e7ff9a6a9ce,images/positions/C199.L11.T19.png
333,C199.L11.T20,LEFT_CCW,L11,L11.G04,20,G04,l,False,"[""G04""]",graphical_agreement,"[38, 542, 165, 603]","[542, 1620, 603, 1747]",CCW90,"{""A"": 572, ""B"": 574}",P0333,B11.P20,G04,G04,0.91,high,"{""A"": [], ""B"": []}",https://api.hcportal.eu/media/4614/pc_hcp_199_pic.JPG,f50ac01e9e219b7f50d79a2373a81355ce81dbf94da43b12be1b1e7ff9a6a9ce,images/positions/C199.L11.T20.png
334,C199.L11.T21,LEFT_CCW,L11,L11.G04,21,G05,y,False,"[""G05""]",graphical_agreement,"[38, 561, 165, 622]","[561, 1620, 622, 1747]",CCW90,"{""A"": 591, ""B"": 595}",P0334,B11.P21,G05,G05,0.91,high,"{""A"": [], ""B"": []}",https://api.hcportal.eu/media/4614/pc_hcp_199_pic.JPG,f50ac01e9e219b7f50d79a2373a81355ce81dbf94da43b12be1b1e7ff9a6a9ce,images/positions/C199.L11.T21.png
335,C199.L11.T22,LEFT_CCW,L11,L11.G05,22,G01,v,False,"[""G01""]",graphical_agreement,"[38, 592, 165, 660]","[592, 1620, 660, 1747]",CCW90,"{""A"": 625, ""B"": 626}",P0335,B11.P22,G01,G01,0.91,high,"{""A"": [], ""B"": []}",https://api.hcportal.eu/media/4614/pc_hcp_199_pic.JPG,f50ac01e9e219b7f50d79a2373a81355ce81dbf94da43b12be1b1e7ff9a6a9ce,images/positions/C199.L11.T22.png
336,C199.L11.T23,LEFT_CCW,L11,L11.G05,23,G13,s,False,"[""G13""]",graphical_agreement,"[38, 616, 165, 677]","[616, 1620, 677, 1747]",CCW90,"{""A"": 646, ""B"": 646}",P0336,B11.P23,G13,G13,0.91,high,"{""A"": [], ""B"": []}",https://api.hcportal.eu/media/4614/pc_hcp_199_pic.JPG,f50ac01e9e219b7f50d79a2373a81355ce81dbf94da43b12be1b1e7ff9a6a9ce,images/positions/C199.L11.T23.png
337,C199.L11.T24,LEFT_CCW,L11,L11.G05,24,G09,a,False,"[""G09""]",graphical_agreement,"[38, 634, 165, 695]","[634, 1620, 695, 1747]",CCW90,"{""A"": 664, ""B"": 668}",P0337,B11.P24,G09,G09,0.91,high,"{""A"": [], ""B"": []}",https://api.hcportal.eu/media/4614/pc_hcp_199_pic.JPG,f50ac01e9e219b7f50d79a2373a81355ce81dbf94da43b12be1b1e7ff9a6a9ce,images/positions/C199.L11.T24.png
338,C199.L11.T25,LEFT_CCW,L11,L11.G05,25,G08_N01,k,False,"[""G08_N01""]",graphical_agreement,"[38, 641, 165, 755]","[641, 1620, 755, 1747]",CCW90,"{""A"": 691, ""B"": 688}",P0338,B11.P25,G08_N01,G08_N01,0.91,high,"{""A"": [], ""B"": []}",https://api.hcportal.eu/media/4614/pc_hcp_199_pic.JPG,f50ac01e9e219b7f50d79a2373a81355ce81dbf94da43b12be1b1e7ff9a6a9ce,images/positions/C199.L11.T25.png
339,C199.L11.T26,LEFT_CCW,L11,L11.G06,26,G21,j,False,"[""G21""]",graphical_agreement,"[38, 707, 165, 775]","[707, 1620, 775, 1747]",CCW90,"{""A"": 744, ""B"": 745}",P0339,B11.P26,G21,G21,0.91,high,"{""A"": [], ""B"": []}",https://api.hcportal.eu/media/4614/pc_hcp_199_pic.JPG,f50ac01e9e219b7f50d79a2373a81355ce81dbf94da43b12be1b1e7ff9a6a9ce,images/positions/C199.L11.T26.png
340,C199.L11.T27,LEFT_CCW,L11,L11.G06,27,G07,i,False,"[""G07""]",graphical_agreement,"[38, 738, 165, 799]","[738, 1620, 799, 1747]",CCW90,"{""A"": 768, ""B"": 765}",P0340,B11.P27,G07,G07,0.91,high,"{""A"": [], ""B"": []}",https://api.hcportal.eu/media/4614/pc_hcp_199_pic.JPG,f50ac01e9e219b7f50d79a2373a81355ce81dbf94da43b12be1b1e7ff9a6a9ce,images/positions/C199.L11.T27.png
341,C199.L11.T28,LEFT_CCW,L11,L11.G06,28,G08_N02,z,False,"[""G08_N02""]",graphical_agreement,"[38, 746, 165, 847]","[746, 1620, 847, 1747]",CCW90,"{""A"": 796, ""B"": 795}",P0341,B11.P28,G08_N02,G08_N02,0.91,high,"{""A"": [], ""B"": []}",https://api.hcportal.eu/media/4614/pc_hcp_199_pic.JPG,f50ac01e9e219b7f50d79a2373a81355ce81dbf94da43b12be1b1e7ff9a6a9ce,images/positions/C199.L11.T28.png
342,C199.L11.T29,LEFT_CCW,L11,L11.G07,29,G04,l,False,"[""G04""]",graphical_agreement,"[38, 801, 165, 862]","[801, 1620, 862, 1747]",CCW90,"{""A"": 831, ""B"": 833}",P0342,B11.P29,G04,G04,0.91,high,"{""A"": [], ""B"": []}",https://api.hcportal.eu/media/4614/pc_hcp_199_pic.JPG,f50ac01e9e219b7f50d79a2373a81355ce81dbf94da43b12be1b1e7ff9a6a9ce,images/positions/C199.L11.T29.png
343,C199.L11.T30,LEFT_CCW,L11,L11.G07,30,G07,i,False,"[""G07""]",graphical_agreement,"[38, 822, 165, 883]","[822, 1620, 883, 1747]",CCW90,"{""A"": 852, ""B"": 855}",P0343,B11.P30,G07,G07,0.91,high,"{""A"": [], ""B"": []}",https://api.hcportal.eu/media/4614/pc_hcp_199_pic.JPG,f50ac01e9e219b7f50d79a2373a81355ce81dbf94da43b12be1b1e7ff9a6a9ce,images/positions/C199.L11.T30.png
344,C199.L11.T31,LEFT_CCW,L11,L11.G07,31,G13,s,False,"[""G13""]",graphical_agreement,"[38, 845, 165, 906]","[845, 1620, 906, 1747]",CCW90,"{""A"": 875, ""B"": 875}",P0344,B11.P31,G13,G13,0.91,high,"{""A"": [], ""B"": []}",https://api.hcportal.eu/media/4614/pc_hcp_199_pic.JPG,f50ac01e9e219b7f50d79a2373a81355ce81dbf94da43b12be1b1e7ff9a6a9ce,images/positions/C199.L11.T31.png
345,C199.L11.T32,LEFT_CCW,L11,L11.G07,32,G18,t,False,"[""G18""]",graphical_agreement,"[38, 865, 165, 933]","[865, 1620, 933, 1747]",CCW90,"{""A"": 897, ""B"": 899}",P0345,B11.P32,G18,G18,0.91,high,"{""A"": [], ""B"": []}",https://api.hcportal.eu/media/4614/pc_hcp_199_pic.JPG,f50ac01e9e219b7f50d79a2373a81355ce81dbf94da43b12be1b1e7ff9a6a9ce,images/positions/C199.L11.T32.png
346,C199.L11.T33,LEFT_CCW,L11,L11.G07,33,G08_N01,k,False,"[""G08_N01""]",graphical_agreement,"[38, 869, 165, 970]","[869, 1620, 970, 1747]",CCW90,"{""A"": 919, ""B"": 920}",P0346,B11.P33,G08_N01,G08_N01,0.91,high,"{""A"": [], ""B"": []}",https://api.hcportal.eu/media/4614/pc_hcp_199_pic.JPG,f50ac01e9e219b7f50d79a2373a81355ce81dbf94da43b12be1b1e7ff9a6a9ce,images/positions/C199.L11.T33.png
347,C199.L11.T34,LEFT_CCW,L11,L11.G07,34,G05,y,False,"[""G05""]",graphical_agreement,"[38, 917, 165, 980]","[917, 1620, 980, 1747]",CCW90,"{""A"": 947, ""B"": 947}",P0347,B11.P34,G05,G05,0.91,high,"{""A"": [], ""B"": []}",https://api.hcportal.eu/media/4614/pc_hcp_199_pic.JPG,f50ac01e9e219b7f50d79a2373a81355ce81dbf94da43b12be1b1e7ff9a6a9ce,images/positions/C199.L11.T34.png
348,C199.L11.T35,LEFT_CCW,L11,L11.G08,35,UNKNOWN,?,True,"[""G08_N01""]",unresolved_interline_stroke_ownership,"[38, 938, 165, 1063]","[938, 1620, 1063, 1747]",CCW90,"{""A"": 990, ""B"": 994}",P0348,B11.P35,G08_N01,G08_N01,0.91,medium,"{""A"": [{""geometry"": ""Long outward flourish/return associated with lower-loop body; neighboring ink remains in contextual crop."", ""ownership_confidence"": 0.82}], ""B"": []}",https://api.hcportal.eu/media/4614/pc_hcp_199_pic.JPG,f50ac01e9e219b7f50d79a2373a81355ce81dbf94da43b12be1b1e7ff9a6a9ce,images/positions/C199.L11.T35.png
349,C199.L11.T36,LEFT_CCW,L11,L11.G08,36,UNKNOWN,?,True,"[""G03""]",unresolved_extended_fullform,"[38, 968, 165, 1069]","[968, 1620, 1069, 1747]",CCW90,"{""A"": 1018, ""B"": 1017}",P0349,B11.P36,UNKNOWN,UNKNOWN,0.52,unresolved,"{""A"": [{""geometry"": ""Long nearly horizontal top extension to the right, continuous with top bar."", ""ownership_confidence"": 0.9}], ""B"": [{""geometry"": ""Short bent/bowled body with an unusually long, nearly horizontal rightward upper stroke extending approximately to oriented x=1057. Its lower left is adjacent to the returned stroke of the preceding G08 body."", ""type"": ""long_horizontal_extension"", ""ownership_confidence"": ""high for the long stroke joining this body; low for whether it is a separate added mark or an allographic extension"", ""semantic_value"": null}]}",https://api.hcportal.eu/media/4614/pc_hcp_199_pic.JPG,f50ac01e9e219b7f50d79a2373a81355ce81dbf94da43b12be1b1e7ff9a6a9ce,images/positions/C199.L11.T36.png
350,C199.L12.T01,LEFT_CCW,L12,L12.G01,1,G08_N01,k,False,"[""G08_N01""]",graphical_agreement,"[30, 34, 115, 135]","[34, 1670, 135, 1755]",CCW90,"{""A"": 84, ""B"": 84}",P0350,B12.P01,G08_N01,G08_N01,0.91,medium,"{""A"": [], ""B"": []}",https://api.hcportal.eu/media/4614/pc_hcp_199_pic.JPG,f50ac01e9e219b7f50d79a2373a81355ce81dbf94da43b12be1b1e7ff9a6a9ce,images/positions/C199.L12.T01.png
351,C199.L12.T02,LEFT_CCW,L12,L12.G01,2,G11,o,False,"[""G11""]",graphical_agreement,"[30, 74, 115, 135]","[74, 1670, 135, 1755]",CCW90,"{""A"": 104, ""B"": 100}",P0351,B12.P02,G11,G11,0.91,high,"{""A"": [], ""B"": []}",https://api.hcportal.eu/media/4614/pc_hcp_199_pic.JPG,f50ac01e9e219b7f50d79a2373a81355ce81dbf94da43b12be1b1e7ff9a6a9ce,images/positions/C199.L12.T02.png
352,C199.L12.T03,LEFT_CCW,L12,L12.G01,3,G12,u,False,"[""G12""]",graphical_agreement,"[30, 91, 115, 152]","[91, 1670, 152, 1755]",CCW90,"{""A"": 121, ""B"": 119}",P0352,B12.P03,G12,G12,0.91,high,"{""A"": [], ""B"": []}",https://api.hcportal.eu/media/4614/pc_hcp_199_pic.JPG,f50ac01e9e219b7f50d79a2373a81355ce81dbf94da43b12be1b1e7ff9a6a9ce,images/positions/C199.L12.T03.png
353,C199.L12.T04,LEFT_CCW,L12,L12.G01,4,G20,p,False,"[""G20""]",graphical_agreement,"[30, 107, 115, 175]","[107, 1670, 175, 1755]",CCW90,"{""A"": 144, ""B"": 141}",P0353,B12.P04,G20,G20,0.91,high,"{""A"": [], ""B"": []}",https://api.hcportal.eu/media/4614/pc_hcp_199_pic.JPG,f50ac01e9e219b7f50d79a2373a81355ce81dbf94da43b12be1b1e7ff9a6a9ce,images/positions/C199.L12.T04.png
354,C199.L12.T05,LEFT_CCW,L12,L12.G01,5,G07,i,False,"[""G07""]",graphical_agreement,"[30, 134, 115, 195]","[134, 1670, 195, 1755]",CCW90,"{""A"": 164, ""B"": 168}",P0354,B12.P05,G07,G07,0.91,high,"{""A"": [], ""B"": []}",https://api.hcportal.eu/media/4614/pc_hcp_199_pic.JPG,f50ac01e9e219b7f50d79a2373a81355ce81dbf94da43b12be1b1e7ff9a6a9ce,images/positions/C199.L12.T05.png
355,C199.L12.T07,LEFT_CCW,L12,L12.G02,7,G14,n,False,"[""G14""]",graphical_agreement,"[30, 188, 115, 249]","[188, 1670, 249, 1755]",CCW90,"{""A"": 218, ""B"": 216}",P0355,B12.P07,G14,G14,0.91,high,"{""A"": [], ""B"": []}",https://api.hcportal.eu/media/4614/pc_hcp_199_pic.JPG,f50ac01e9e219b7f50d79a2373a81355ce81dbf94da43b12be1b1e7ff9a6a9ce,images/positions/C199.L12.T07.png
356,C199.L12.T08,LEFT_CCW,L12,L12.G02,8,G09,a,False,"[""G09""]",graphical_agreement,"[30, 213, 115, 274]","[213, 1670, 274, 1755]",CCW90,"{""A"": 243, ""B"": 240}",P0356,B12.P08,G09,G09,0.91,high,"{""A"": [], ""B"": []}",https://api.hcportal.eu/media/4614/pc_hcp_199_pic.JPG,f50ac01e9e219b7f50d79a2373a81355ce81dbf94da43b12be1b1e7ff9a6a9ce,images/positions/C199.L12.T08.png
357,C199.L12.T09,LEFT_CCW,L12,L12.G03,9,G18,t,False,"[""G18""]",graphical_agreement,"[30, 242, 115, 310]","[242, 1670, 310, 1755]",CCW90,"{""A"": 277, ""B"": 276}",P0357,B12.P09,G18,G18,0.91,high,"{""A"": [], ""B"": []}",https://api.hcportal.eu/media/4614/pc_hcp_199_pic.JPG,f50ac01e9e219b7f50d79a2373a81355ce81dbf94da43b12be1b1e7ff9a6a9ce,images/positions/C199.L12.T09.png
358,C199.L12.T10,LEFT_CCW,L12,L12.G03,10,G03,e,False,"[""G03""]",graphical_agreement,"[30, 268, 115, 329]","[268, 1670, 329, 1755]",CCW90,"{""A"": 298, ""B"": 296}",P0358,B12.P10,G03,G03,0.91,high,"{""A"": [], ""B"": []}",https://api.hcportal.eu/media/4614/pc_hcp_199_pic.JPG,f50ac01e9e219b7f50d79a2373a81355ce81dbf94da43b12be1b1e7ff9a6a9ce,images/positions/C199.L12.T10.png
359,C199.L12.T11,LEFT_CCW,L12,L12.G03,11,G14,n,False,"[""G14""]",graphical_agreement,"[30, 295, 115, 356]","[295, 1670, 356, 1755]",CCW90,"{""A"": 325, ""B"": 323}",P0359,B12.P11,G14,G14,0.91,high,"{""A"": [], ""B"": []}",https://api.hcportal.eu/media/4614/pc_hcp_199_pic.JPG,f50ac01e9e219b7f50d79a2373a81355ce81dbf94da43b12be1b1e7ff9a6a9ce,images/positions/C199.L12.T11.png
360,C199.L12.T12,LEFT_CCW,L12,L12.G04,12,G08_N01,k,False,"[""G08_N01""]",graphical_agreement,"[30, 325, 115, 426]","[325, 1670, 426, 1755]",CCW90,"{""A"": 375, ""B"": 371}",P0360,B12.P12,G08_N01,G08_N01,0.91,high,"{""A"": [], ""B"": []}",https://api.hcportal.eu/media/4614/pc_hcp_199_pic.JPG,f50ac01e9e219b7f50d79a2373a81355ce81dbf94da43b12be1b1e7ff9a6a9ce,images/positions/C199.L12.T12.png
361,C199.L12.T13,LEFT_CCW,L12,L12.G04,13,G11,o,False,"[""G11""]",graphical_agreement,"[30, 366, 115, 428]","[366, 1670, 428, 1755]",CCW90,"{""A"": 397, ""B"": 392}",P0361,B12.P13,G11,G11,0.91,high,"{""A"": [], ""B"": []}",https://api.hcportal.eu/media/4614/pc_hcp_199_pic.JPG,f50ac01e9e219b7f50d79a2373a81355ce81dbf94da43b12be1b1e7ff9a6a9ce,images/positions/C199.L12.T13.png
362,C199.L12.T14,LEFT_CCW,L12,L12.G04,14,G14,n,False,"[""G14""]",graphical_agreement,"[30, 393, 115, 454]","[393, 1670, 454, 1755]",CCW90,"{""A"": 423, ""B"": 422}",P0362,B12.P14,G14,G14,0.91,high,"{""A"": [], ""B"": []}",https://api.hcportal.eu/media/4614/pc_hcp_199_pic.JPG,f50ac01e9e219b7f50d79a2373a81355ce81dbf94da43b12be1b1e7ff9a6a9ce,images/positions/C199.L12.T14.png
363,C199.L12.T15,LEFT_CCW,L12,L12.G04,15,G19,c,False,"[""G19""]",graphical_agreement,"[30, 420, 115, 481]","[420, 1670, 481, 1755]",CCW90,"{""A"": 450, ""B"": 449}",P0363,B12.P15,G19,G19,0.91,high,"{""A"": [], ""B"": []}",https://api.hcportal.eu/media/4614/pc_hcp_199_pic.JPG,f50ac01e9e219b7f50d79a2373a81355ce81dbf94da43b12be1b1e7ff9a6a9ce,images/positions/C199.L12.T15.png
364,C199.L12.T16,LEFT_CCW,L12,L12.G04,16,G03,e,False,"[""G03""]",graphical_agreement,"[30, 440, 115, 501]","[440, 1670, 501, 1755]",CCW90,"{""A"": 470, ""B"": 471}",P0364,B12.P16,G03,G03,0.91,high,"{""A"": [], ""B"": []}",https://api.hcportal.eu/media/4614/pc_hcp_199_pic.JPG,f50ac01e9e219b7f50d79a2373a81355ce81dbf94da43b12be1b1e7ff9a6a9ce,images/positions/C199.L12.T16.png
365,C199.L12.T17,LEFT_CCW,L12,L12.G04,17,G02,r,False,"[""G02""]",graphical_agreement,"[30, 457, 115, 525]","[457, 1670, 525, 1755]",CCW90,"{""A"": 493, ""B"": 491}",P0365,B12.P17,G02,G02,0.91,high,"{""A"": [], ""B"": []}",https://api.hcportal.eu/media/4614/pc_hcp_199_pic.JPG,f50ac01e9e219b7f50d79a2373a81355ce81dbf94da43b12be1b1e7ff9a6a9ce,images/positions/C199.L12.T17.png
366,C199.L12.T18,LEFT_CCW,L12,L12.G04,18,G18,t,False,"[""G18""]",graphical_agreement,"[30, 481, 115, 549]","[481, 1670, 549, 1755]",CCW90,"{""A"": 518, ""B"": 515}",P0366,B12.P18,G18,G18,0.91,high,"{""A"": [], ""B"": []}",https://api.hcportal.eu/media/4614/pc_hcp_199_pic.JPG,f50ac01e9e219b7f50d79a2373a81355ce81dbf94da43b12be1b1e7ff9a6a9ce,images/positions/C199.L12.T18.png
367,C199.L12.T19,LEFT_CCW,L12,L12.G05,19,G13,s,False,"[""G13""]",graphical_agreement,"[30, 525, 115, 586]","[525, 1670, 586, 1755]",CCW90,"{""A"": 555, ""B"": 556}",P0367,B12.P19,G13,G13,0.91,high,"{""A"": [], ""B"": []}",https://api.hcportal.eu/media/4614/pc_hcp_199_pic.JPG,f50ac01e9e219b7f50d79a2373a81355ce81dbf94da43b12be1b1e7ff9a6a9ce,images/positions/C199.L12.T19.png
368,C199.L12.T20,LEFT_CCW,L12,L12.G05,20,G03,e,False,"[""G03""]",graphical_agreement,"[30, 547, 115, 611]","[547, 1670, 611, 1755]",CCW90,"{""A"": 577, ""B"": 580}",P0368,B12.P20,G03,G03,0.91,high,"{""A"": [], ""B"": []}",https://api.hcportal.eu/media/4614/pc_hcp_199_pic.JPG,f50ac01e9e219b7f50d79a2373a81355ce81dbf94da43b12be1b1e7ff9a6a9ce,images/positions/C199.L12.T20.png
369,C199.L12.T21,LEFT_CCW,L12,L12.G06,21,G18,t,False,"[""G18""]",graphical_agreement,"[30, 589, 115, 657]","[589, 1670, 657, 1755]",CCW90,"{""A"": 623, ""B"": 623}",P0369,B12.P21,G18,G18,0.91,high,"{""A"": [], ""B"": []}",https://api.hcportal.eu/media/4614/pc_hcp_199_pic.JPG,f50ac01e9e219b7f50d79a2373a81355ce81dbf94da43b12be1b1e7ff9a6a9ce,images/positions/C199.L12.T21.png
370,C199.L12.T22,LEFT_CCW,L12,L12.G06,22,G03,e,False,"[""G03""]",graphical_agreement,"[30, 617, 115, 678]","[617, 1670, 678, 1755]",CCW90,"{""A"": 647, ""B"": 646}",P0370,B12.P22,G03,G03,0.91,high,"{""A"": [], ""B"": []}",https://api.hcportal.eu/media/4614/pc_hcp_199_pic.JPG,f50ac01e9e219b7f50d79a2373a81355ce81dbf94da43b12be1b1e7ff9a6a9ce,images/positions/C199.L12.T22.png
371,C199.L12.T23,LEFT_CCW,L12,L12.G06,23,G13,s,False,"[""G13""]",graphical_agreement,"[30, 640, 115, 701]","[640, 1670, 701, 1755]",CCW90,"{""A"": 670, ""B"": 668}",P0371,B12.P23,G13,G13,0.91,high,"{""A"": [], ""B"": []}",https://api.hcportal.eu/media/4614/pc_hcp_199_pic.JPG,f50ac01e9e219b7f50d79a2373a81355ce81dbf94da43b12be1b1e7ff9a6a9ce,images/positions/C199.L12.T23.png
372,C199.L12.T24,LEFT_CCW,L12,L12.G06,24,G07,i,False,"[""G07""]",graphical_agreement,"[30, 660, 115, 721]","[660, 1670, 721, 1755]",CCW90,"{""A"": 690, ""B"": 689}",P0372,B12.P24,G07,G07,0.91,high,"{""A"": [], ""B"": []}",https://api.hcportal.eu/media/4614/pc_hcp_199_pic.JPG,f50ac01e9e219b7f50d79a2373a81355ce81dbf94da43b12be1b1e7ff9a6a9ce,images/positions/C199.L12.T24.png
373,C199.L12.T25,LEFT_CCW,L12,L12.G06,25,G15,m,False,"[""G15""]",graphical_agreement,"[30, 684, 115, 745]","[684, 1670, 745, 1755]",CCW90,"{""A"": 714, ""B"": 713}",P0373,B12.P25,G15,G15,0.91,high,"{""A"": [], ""B"": []}",https://api.hcportal.eu/media/4614/pc_hcp_199_pic.JPG,f50ac01e9e219b7f50d79a2373a81355ce81dbf94da43b12be1b1e7ff9a6a9ce,images/positions/C199.L12.T25.png
374,C199.L12.T27,LEFT_CCW,L12,L12.G07,27,G21,j,False,"[""G21""]",graphical_agreement,"[30, 736, 115, 797]","[736, 1670, 797, 1755]",CCW90,"{""A"": 766, ""B"": 767}",P0374,B12.P27,G21,G21,0.91,high,"{""A"": [], ""B"": []}",https://api.hcportal.eu/media/4614/pc_hcp_199_pic.JPG,f50ac01e9e219b7f50d79a2373a81355ce81dbf94da43b12be1b1e7ff9a6a9ce,images/positions/C199.L12.T27.png
375,C199.L12.T28,LEFT_CCW,L12,L12.G07,28,G03,e,False,"[""G03""]",graphical_agreement,"[30, 757, 115, 819]","[757, 1670, 819, 1755]",CCW90,"{""A"": 788, ""B"": 783}",P0375,B12.P28,G03,G03,0.91,high,"{""A"": [], ""B"": []}",https://api.hcportal.eu/media/4614/pc_hcp_199_pic.JPG,f50ac01e9e219b7f50d79a2373a81355ce81dbf94da43b12be1b1e7ff9a6a9ce,images/positions/C199.L12.T28.png
376,C199.L12.T29,LEFT_CCW,L12,L12.G08,29,G20,p,False,"[""G20""]",graphical_agreement,"[30, 792, 115, 862]","[792, 1670, 862, 1755]",CCW90,"{""A"": 831, ""B"": 826}",P0376,B12.P29,G20,G20,0.91,medium,"{""A"": [], ""B"": []}",https://api.hcportal.eu/media/4614/pc_hcp_199_pic.JPG,f50ac01e9e219b7f50d79a2373a81355ce81dbf94da43b12be1b1e7ff9a6a9ce,images/positions/C199.L12.T29.png
377,C199.L12.T30,LEFT_CCW,L12,L12.G08,30,G02,r,False,"[""G02""]",graphical_agreement,"[30, 816, 115, 884]","[816, 1670, 884, 1755]",CCW90,"{""A"": 853, ""B"": 850}",P0377,B12.P30,G02,G02,0.91,high,"{""A"": [], ""B"": []}",https://api.hcportal.eu/media/4614/pc_hcp_199_pic.JPG,f50ac01e9e219b7f50d79a2373a81355ce81dbf94da43b12be1b1e7ff9a6a9ce,images/positions/C199.L12.T30.png
378,C199.L12.T31,LEFT_CCW,L12,L12.G08,31,G05,y,False,"[""G05""]",graphical_agreement,"[30, 848, 115, 909]","[848, 1670, 909, 1755]",CCW90,"{""A"": 878, ""B"": 876}",P0378,B12.P31,G05,G05,0.91,high,"{""A"": [], ""B"": []}",https://api.hcportal.eu/media/4614/pc_hcp_199_pic.JPG,f50ac01e9e219b7f50d79a2373a81355ce81dbf94da43b12be1b1e7ff9a6a9ce,images/positions/C199.L12.T31.png
379,C199.L12.T32,LEFT_CCW,L12,L12.G09,32,G20,p,False,"[""G20""]",graphical_agreement,"[30, 880, 115, 948]","[880, 1670, 948, 1755]",CCW90,"{""A"": 911, ""B"": 914}",P0379,B12.P32,G20,G20,0.91,high,"{""A"": [], ""B"": []}",https://api.hcportal.eu/media/4614/pc_hcp_199_pic.JPG,f50ac01e9e219b7f50d79a2373a81355ce81dbf94da43b12be1b1e7ff9a6a9ce,images/positions/C199.L12.T32.png
380,C199.L12.T33,LEFT_CCW,L12,L12.G09,33,G02,r,False,"[""G02""]",graphical_agreement,"[30, 903, 115, 971]","[903, 1670, 971, 1755]",CCW90,"{""A"": 935, ""B"": 937}",P0380,B12.P33,G02,G02,0.91,high,"{""A"": [], ""B"": []}",https://api.hcportal.eu/media/4614/pc_hcp_199_pic.JPG,f50ac01e9e219b7f50d79a2373a81355ce81dbf94da43b12be1b1e7ff9a6a9ce,images/positions/C199.L12.T33.png
381,C199.L12.T34,LEFT_CCW,L12,L12.G09,34,G11,o,False,"[""G11""]",graphical_agreement,"[30, 924, 115, 985]","[924, 1670, 985, 1755]",CCW90,"{""A"": 954, ""B"": 955}",P0381,B12.P34,G11,G11,0.91,high,"{""A"": [], ""B"": []}",https://api.hcportal.eu/media/4614/pc_hcp_199_pic.JPG,f50ac01e9e219b7f50d79a2373a81355ce81dbf94da43b12be1b1e7ff9a6a9ce,images/positions/C199.L12.T34.png
382,C199.L12.T35,LEFT_CCW,L12,L12.G09,35,UNKNOWN,?,True,"[""G06""]",unresolved_interline_stroke_ownership,"[30, 938, 115, 1010]","[938, 1670, 1010, 1755]",CCW90,"{""A"": 973, ""B"": 972}",P0382,B12.P35,G06,UNKNOWN,0.91,unresolved,"{""A"": [], ""B"": [{""geometry"": ""Heavy descending and cross strokes in a bar-and-hook-like body. The preceding line's final returned-loop G08 descender/return crosses this area. Stroke ownership at the upper and middle intersections is not certain."", ""type"": ""interline_overlap_and_retracing"", ""ownership_confidence"": ""low at intersections; medium for the G06-like scaffold"", ""semantic_value"": null}]}",https://api.hcportal.eu/media/4614/pc_hcp_199_pic.JPG,f50ac01e9e219b7f50d79a2373a81355ce81dbf94da43b12be1b1e7ff9a6a9ce,images/positions/C199.L12.T35.png
383,C199.L12.T36,LEFT_CCW,L12,L12.G09,36,G12,u,False,"[""G12""]",graphical_agreement,"[30, 964, 115, 1027]","[964, 1670, 1027, 1755]",CCW90,"{""A"": 996, ""B"": 990}",P0383,B12.P36,G12,G12,0.91,high,"{""A"": [], ""B"": []}",https://api.hcportal.eu/media/4614/pc_hcp_199_pic.JPG,f50ac01e9e219b7f50d79a2373a81355ce81dbf94da43b12be1b1e7ff9a6a9ce,images/positions/C199.L12.T36.png
384,C199.L12.T37,LEFT_CCW,L12,L12.G09,37,G08_N01,k,False,"[""G08_N01""]",graphical_agreement,"[30, 967, 115, 1068]","[967, 1670, 1068, 1755]",CCW90,"{""A"": 1017, ""B"": 1015}",P0384,B12.P37,G08_N01,G08_N01,0.91,medium,"{""A"": [], ""B"": []}",https://api.hcportal.eu/media/4614/pc_hcp_199_pic.JPG,f50ac01e9e219b7f50d79a2373a81355ce81dbf94da43b12be1b1e7ff9a6a9ce,images/positions/C199.L12.T37.png
385,C199.L12.T38,LEFT_CCW,L12,L12.G09,38,G19,c,False,"[""G19""]",graphical_agreement,"[30, 1016, 115, 1077]","[1016, 1670, 1077, 1755]",CCW90,"{""A"": 1046, ""B"": 1043}",P0385,B12.P38,G19,G19,0.91,high,"{""A"": [], ""B"": []}",https://api.hcportal.eu/media/4614/pc_hcp_199_pic.JPG,f50ac01e9e219b7f50d79a2373a81355ce81dbf94da43b12be1b1e7ff9a6a9ce,images/positions/C199.L12.T38.png
386,C199.L12.T39,LEFT_CCW,L12,L12.G09,39,G03,e,False,"[""G03""]",graphical_agreement,"[30, 1036, 115, 1097]","[1036, 1670, 1097, 1755]",CCW90,"{""A"": 1066, ""B"": 1069}",P0386,B12.P39,G03,G03,0.91,high,"{""A"": [], ""B"": []}",https://api.hcportal.eu/media/4614/pc_hcp_199_pic.JPG,f50ac01e9e219b7f50d79a2373a81355ce81dbf94da43b12be1b1e7ff9a6a9ce,images/positions/C199.L12.T39.png
387,C199.R01.T01,RIGHT_CW,R01,R01.G01,1,G13,s,False,"[""G13""]",graphical_agreement,"[1415, 1042, 1540, 1103]","[72, 1415, 133, 1540]",CW90,"{""A"": 102, ""B"": 104}",P0387,A01.P01,G13,G13,0.91,high,"{""A"": [], ""B"": []}",https://api.hcportal.eu/media/4614/pc_hcp_199_pic.JPG,f50ac01e9e219b7f50d79a2373a81355ce81dbf94da43b12be1b1e7ff9a6a9ce,images/positions/C199.R01.T01.png
388,C199.R01.T02,RIGHT_CW,R01,R01.G01,2,G08_N01,k,False,"[""G08_N01""]",graphical_agreement,"[1415, 1004, 1540, 1105]","[70, 1415, 171, 1540]",CW90,"{""A"": 120, ""B"": 119}",P0388,A01.P02,G08_N01,G08_N01,0.91,high,"{""A"": [], ""B"": []}",https://api.hcportal.eu/media/4614/pc_hcp_199_pic.JPG,f50ac01e9e219b7f50d79a2373a81355ce81dbf94da43b12be1b1e7ff9a6a9ce,images/positions/C199.R01.T02.png
389,C199.R01.T03,RIGHT_CW,R01,R01.G01,3,G11,o,False,"[""G11""]",graphical_agreement,"[1415, 1001, 1540, 1065]","[110, 1415, 174, 1540]",CW90,"{""A"": 143, ""B"": 136}",P0389,A01.P03,G11,G11,0.91,high,"{""A"": [], ""B"": []}",https://api.hcportal.eu/media/4614/pc_hcp_199_pic.JPG,f50ac01e9e219b7f50d79a2373a81355ce81dbf94da43b12be1b1e7ff9a6a9ce,images/positions/C199.R01.T03.png
390,C199.R01.T04,RIGHT_CW,R01,R01.G01,4,G04,l,False,"[""G04""]",graphical_agreement,"[1415, 982, 1540, 1046]","[129, 1415, 193, 1540]",CW90,"{""A"": 162, ""B"": 155}",P0390,A01.P04,G04,G04,0.91,high,"{""A"": [], ""B"": []}",https://api.hcportal.eu/media/4614/pc_hcp_199_pic.JPG,f50ac01e9e219b7f50d79a2373a81355ce81dbf94da43b12be1b1e7ff9a6a9ce,images/positions/C199.R01.T04.png
391,C199.R01.T05,RIGHT_CW,R01,R01.G01,5,G05,y,False,"[""G05""]",graphical_agreement,"[1415, 963, 1540, 1024]","[151, 1415, 212, 1540]",CW90,"{""A"": 181, ""B"": 178}",P0391,A01.P05,G05,G05,0.91,high,"{""A"": [], ""B"": []}",https://api.hcportal.eu/media/4614/pc_hcp_199_pic.JPG,f50ac01e9e219b7f50d79a2373a81355ce81dbf94da43b12be1b1e7ff9a6a9ce,images/positions/C199.R01.T05.png
392,C199.R01.T06,RIGHT_CW,R01,R01.G02,6,G13,s,False,"[""G13""]",graphical_agreement,"[1415, 921, 1540, 985]","[190, 1415, 254, 1540]",CW90,"{""A"": 223, ""B"": 220}",P0392,A01.P06,G13,G13,0.91,high,"{""A"": [], ""B"": []}",https://api.hcportal.eu/media/4614/pc_hcp_199_pic.JPG,f50ac01e9e219b7f50d79a2373a81355ce81dbf94da43b12be1b1e7ff9a6a9ce,images/positions/C199.R01.T06.png
393,C199.R01.T07,RIGHT_CW,R01,R01.G02,7,G03,e,False,"[""G03""]",graphical_agreement,"[1415, 903, 1540, 964]","[211, 1415, 272, 1540]",CW90,"{""A"": 241, ""B"": 237}",P0393,A01.P07,G03,G03,0.91,high,"{""A"": [], ""B"": []}",https://api.hcportal.eu/media/4614/pc_hcp_199_pic.JPG,f50ac01e9e219b7f50d79a2373a81355ce81dbf94da43b12be1b1e7ff9a6a9ce,images/positions/C199.R01.T07.png
394,C199.R01.T08,RIGHT_CW,R01,R01.G02,8,G01,v,False,"[""G01""]",graphical_agreement,"[1415, 884, 1540, 952]","[223, 1415, 291, 1540]",CW90,"{""A"": 260, ""B"": 257}",P0394,A01.P08,G01,G01,0.91,high,"{""A"": [], ""B"": []}",https://api.hcportal.eu/media/4614/pc_hcp_199_pic.JPG,f50ac01e9e219b7f50d79a2373a81355ce81dbf94da43b12be1b1e7ff9a6a9ce,images/positions/C199.R01.T08.png
395,C199.R01.T09,RIGHT_CW,R01,R01.G02,9,G19,c,False,"[""G19""]",graphical_agreement,"[1415, 862, 1540, 923]","[252, 1415, 313, 1540]",CW90,"{""A"": 282, ""B"": 278}",P0395,A01.P09,G19,G19,0.91,high,"{""A"": [], ""B"": []}",https://api.hcportal.eu/media/4614/pc_hcp_199_pic.JPG,f50ac01e9e219b7f50d79a2373a81355ce81dbf94da43b12be1b1e7ff9a6a9ce,images/positions/C199.R01.T09.png
396,C199.R01.T10,RIGHT_CW,R01,R01.G02,10,G07,i,False,"[""G07""]",graphical_agreement,"[1415, 838, 1540, 905]","[270, 1415, 337, 1540]",CW90,"{""A"": 306, ""B"": 296}",P0396,A01.P10,G07,G07,0.91,high,"{""A"": [], ""B"": []}",https://api.hcportal.eu/media/4614/pc_hcp_199_pic.JPG,f50ac01e9e219b7f50d79a2373a81355ce81dbf94da43b12be1b1e7ff9a6a9ce,images/positions/C199.R01.T10.png
397,C199.R01.T11,RIGHT_CW,R01,R01.G02,11,G08_N01,k,False,"[""G08_N01""]",graphical_agreement,"[1415, 795, 1540, 896]","[279, 1415, 380, 1540]",CW90,"{""A"": 329, ""B"": 314}",P0397,A01.P11,G08_N01,G08_N01,0.91,high,"{""A"": [], ""B"": []}",https://api.hcportal.eu/media/4614/pc_hcp_199_pic.JPG,f50ac01e9e219b7f50d79a2373a81355ce81dbf94da43b12be1b1e7ff9a6a9ce,images/positions/C199.R01.T11.png
398,C199.R01.T12,RIGHT_CW,R01,R01.G02,12,G11,o,False,"[""G11""]",graphical_agreement,"[1415, 796, 1540, 866]","[309, 1415, 379, 1540]",CW90,"{""A"": 348, ""B"": 335}",P0398,A01.P12,G11,G11,0.91,high,"{""A"": [], ""B"": []}",https://api.hcportal.eu/media/4614/pc_hcp_199_pic.JPG,f50ac01e9e219b7f50d79a2373a81355ce81dbf94da43b12be1b1e7ff9a6a9ce,images/positions/C199.R01.T12.png
399,C199.R01.T13,RIGHT_CW,R01,R01.G02,13,G01,v,False,"[""G01""]",graphical_agreement,"[1415, 770, 1540, 853]","[322, 1415, 405, 1540]",CW90,"{""A"": 374, ""B"": 356}",P0399,A01.P13,G01,G01,0.91,high,"{""A"": [], ""B"": []}",https://api.hcportal.eu/media/4614/pc_hcp_199_pic.JPG,f50ac01e9e219b7f50d79a2373a81355ce81dbf94da43b12be1b1e7ff9a6a9ce,images/positions/C199.R01.T13.png
400,C199.R01.T14,RIGHT_CW,R01,R01.G02,14,G05,y,False,"[""G05""]",graphical_agreement,"[1415, 748, 1540, 821]","[354, 1415, 427, 1540]",CW90,"{""A"": 396, ""B"": 380}",P0400,A01.P14,G05,G05,0.91,high,"{""A"": [], ""B"": []}",https://api.hcportal.eu/media/4614/pc_hcp_199_pic.JPG,f50ac01e9e219b7f50d79a2373a81355ce81dbf94da43b12be1b1e7ff9a6a9ce,images/positions/C199.R01.T14.png
401,C199.R01.T15,RIGHT_CW,R01,R01.G03,15,G01,v,False,"[""G01""]",graphical_agreement,"[1415, 702, 1540, 775]","[400, 1415, 473, 1540]",CW90,"{""A"": 442, ""B"": 439}",P0401,A01.P15,G01,G01,0.91,high,"{""A"": [], ""B"": []}",https://api.hcportal.eu/media/4614/pc_hcp_199_pic.JPG,f50ac01e9e219b7f50d79a2373a81355ce81dbf94da43b12be1b1e7ff9a6a9ce,images/positions/C199.R01.T15.png
402,C199.R01.T16,RIGHT_CW,R01,R01.G03,16,G03,e,False,"[""G03""]",graphical_agreement,"[1415, 682, 1540, 743]","[432, 1415, 493, 1540]",CW90,"{""A"": 462, ""B"": 460}",P0402,A01.P16,G03,G03,0.91,high,"{""A"": [], ""B"": []}",https://api.hcportal.eu/media/4614/pc_hcp_199_pic.JPG,f50ac01e9e219b7f50d79a2373a81355ce81dbf94da43b12be1b1e7ff9a6a9ce,images/positions/C199.R01.T16.png
403,C199.R01.T17,RIGHT_CW,R01,R01.G03,17,G04,l,False,"[""G04""]",graphical_agreement,"[1415, 662, 1540, 723]","[452, 1415, 513, 1540]",CW90,"{""A"": 482, ""B"": 480}",P0403,A01.P17,G04,G04,0.91,high,"{""A"": [], ""B"": []}",https://api.hcportal.eu/media/4614/pc_hcp_199_pic.JPG,f50ac01e9e219b7f50d79a2373a81355ce81dbf94da43b12be1b1e7ff9a6a9ce,images/positions/C199.R01.T17.png
404,C199.R01.T18,RIGHT_CW,R01,R01.G03,18,G08_N01,k,False,"[""G08_N01""]",graphical_agreement,"[1415, 621, 1540, 722]","[453, 1415, 554, 1540]",CW90,"{""A"": 503, ""B"": 499}",P0404,A01.P18,G08_N01,G08_N01,0.91,high,"{""A"": [], ""B"": []}",https://api.hcportal.eu/media/4614/pc_hcp_199_pic.JPG,f50ac01e9e219b7f50d79a2373a81355ce81dbf94da43b12be1b1e7ff9a6a9ce,images/positions/C199.R01.T18.png
405,C199.R01.T19,RIGHT_CW,R01,R01.G03,19,G11,o,False,"[""G11""]",graphical_agreement,"[1415, 619, 1540, 681]","[494, 1415, 556, 1540]",CW90,"{""A"": 525, ""B"": 520}",P0405,A01.P19,G11,G11,0.91,high,"{""A"": [], ""B"": []}",https://api.hcportal.eu/media/4614/pc_hcp_199_pic.JPG,f50ac01e9e219b7f50d79a2373a81355ce81dbf94da43b12be1b1e7ff9a6a9ce,images/positions/C199.R01.T19.png
406,C199.R01.T20,RIGHT_CW,R01,R01.G03,20,G04,l,False,"[""G04""]",graphical_agreement,"[1415, 597, 1540, 660]","[515, 1415, 578, 1540]",CW90,"{""A"": 547, ""B"": 541}",P0406,A01.P20,G04,G04,0.91,high,"{""A"": [], ""B"": []}",https://api.hcportal.eu/media/4614/pc_hcp_199_pic.JPG,f50ac01e9e219b7f50d79a2373a81355ce81dbf94da43b12be1b1e7ff9a6a9ce,images/positions/C199.R01.T20.png
407,C199.R01.T21,RIGHT_CW,R01,R01.G03,21,G03,e,False,"[""G03""]",graphical_agreement,"[1415, 576, 1540, 640]","[535, 1415, 599, 1540]",CW90,"{""A"": 568, ""B"": 561}",P0407,A01.P21,G03,G03,0.91,high,"{""A"": [], ""B"": []}",https://api.hcportal.eu/media/4614/pc_hcp_199_pic.JPG,f50ac01e9e219b7f50d79a2373a81355ce81dbf94da43b12be1b1e7ff9a6a9ce,images/positions/C199.R01.T21.png
408,C199.R01.T22,RIGHT_CW,R01,R01.G03,22,G17,b,False,"[""G17""]",graphical_agreement,"[1415, 550, 1540, 621]","[554, 1415, 625, 1540]",CW90,"{""A"": 594, ""B"": 588}",P0408,A01.P22,G17,G17,0.91,high,"{""A"": [], ""B"": []}",https://api.hcportal.eu/media/4614/pc_hcp_199_pic.JPG,f50ac01e9e219b7f50d79a2373a81355ce81dbf94da43b12be1b1e7ff9a6a9ce,images/positions/C199.R01.T22.png
409,C199.R01.T23,RIGHT_CW,R01,R01.G03,23,G09,a,False,"[""G09""]",graphical_agreement,"[1415, 527, 1540, 588]","[587, 1415, 648, 1540]",CW90,"{""A"": 617, ""B"": 614}",P0409,A01.P23,G09,G09,0.91,high,"{""A"": [], ""B"": []}",https://api.hcportal.eu/media/4614/pc_hcp_199_pic.JPG,f50ac01e9e219b7f50d79a2373a81355ce81dbf94da43b12be1b1e7ff9a6a9ce,images/positions/C199.R01.T23.png
410,C199.R02.T01,RIGHT_CW,R02,R02.G01,1,G18,t,False,"[""G18""]",graphical_agreement,"[1465, 1062, 1595, 1133]","[42, 1465, 113, 1595]",CW90,"{""A"": 82, ""B"": 76}",P0410,A02.P01,G18,G18,0.91,high,"{""A"": [], ""B"": []}",https://api.hcportal.eu/media/4614/pc_hcp_199_pic.JPG,f50ac01e9e219b7f50d79a2373a81355ce81dbf94da43b12be1b1e7ff9a6a9ce,images/positions/C199.R02.T01.png
411,C199.R02.T02,RIGHT_CW,R02,R02.G01,2,G07,i,False,"[""G07""]",graphical_agreement,"[1465, 1041, 1595, 1105]","[70, 1465, 134, 1595]",CW90,"{""A"": 103, ""B"": 96}",P0411,A02.P02,G07,G07,0.91,high,"{""A"": [], ""B"": []}",https://api.hcportal.eu/media/4614/pc_hcp_199_pic.JPG,f50ac01e9e219b7f50d79a2373a81355ce81dbf94da43b12be1b1e7ff9a6a9ce,images/positions/C199.R02.T02.png
412,C199.R02.T03,RIGHT_CW,R02,R02.G01,3,G13,s,False,"[""G13""]",graphical_agreement,"[1465, 1020, 1595, 1090]","[85, 1465, 155, 1595]",CW90,"{""A"": 124, ""B"": 111}",P0412,A02.P03,G13,G13,0.91,high,"{""A"": [], ""B"": []}",https://api.hcportal.eu/media/4614/pc_hcp_199_pic.JPG,f50ac01e9e219b7f50d79a2373a81355ce81dbf94da43b12be1b1e7ff9a6a9ce,images/positions/C199.R02.T03.png
413,C199.R02.T04,RIGHT_CW,R02,R02.G01,4,G07,i,False,"[""G07""]",graphical_agreement,"[1465, 1000, 1595, 1069]","[106, 1465, 175, 1595]",CW90,"{""A"": 144, ""B"": 132}",P0413,A02.P04,G07,G07,0.91,high,"{""A"": [], ""B"": []}",https://api.hcportal.eu/media/4614/pc_hcp_199_pic.JPG,f50ac01e9e219b7f50d79a2373a81355ce81dbf94da43b12be1b1e7ff9a6a9ce,images/positions/C199.R02.T04.png
414,C199.R02.T05,RIGHT_CW,R02,R02.G01,5,G19,c,False,"[""G19""]",graphical_agreement,"[1465, 982, 1595, 1043]","[132, 1465, 193, 1595]",CW90,"{""A"": 162, ""B"": 158}",P0414,A02.P05,G19,G19,0.91,high,"{""A"": [], ""B"": []}",https://api.hcportal.eu/media/4614/pc_hcp_199_pic.JPG,f50ac01e9e219b7f50d79a2373a81355ce81dbf94da43b12be1b1e7ff9a6a9ce,images/positions/C199.R02.T05.png
415,C199.R02.T06,RIGHT_CW,R02,R02.G02,6,G01,v,False,"[""G01""]",graphical_agreement,"[1465, 943, 1595, 1011]","[164, 1465, 232, 1595]",CW90,"{""A"": 200, ""B"": 198}",P0415,A02.P06,G01,G01,0.91,high,"{""A"": [], ""B"": []}",https://api.hcportal.eu/media/4614/pc_hcp_199_pic.JPG,f50ac01e9e219b7f50d79a2373a81355ce81dbf94da43b12be1b1e7ff9a6a9ce,images/positions/C199.R02.T06.png
416,C199.R02.T07,RIGHT_CW,R02,R02.G02,7,G09,a,False,"[""G09""]",graphical_agreement,"[1465, 923, 1595, 984]","[191, 1465, 252, 1595]",CW90,"{""A"": 221, ""B"": 219}",P0416,A02.P07,G09,G09,0.91,high,"{""A"": [], ""B"": []}",https://api.hcportal.eu/media/4614/pc_hcp_199_pic.JPG,f50ac01e9e219b7f50d79a2373a81355ce81dbf94da43b12be1b1e7ff9a6a9ce,images/positions/C199.R02.T07.png
417,C199.R02.T08,RIGHT_CW,R02,R02.G02,8,G13,s,False,"[""G13""]",graphical_agreement,"[1465, 901, 1595, 962]","[213, 1465, 274, 1595]",CW90,"{""A"": 243, ""B"": 242}",P0417,A02.P08,G13,G13,0.91,high,"{""A"": [], ""B"": []}",https://api.hcportal.eu/media/4614/pc_hcp_199_pic.JPG,f50ac01e9e219b7f50d79a2373a81355ce81dbf94da43b12be1b1e7ff9a6a9ce,images/positions/C199.R02.T08.png
418,C199.R02.T09,RIGHT_CW,R02,R02.G02,9,G14,n,False,"[""G14""]",graphical_agreement,"[1465, 869, 1595, 935]","[240, 1465, 306, 1595]",CW90,"{""A"": 275, ""B"": 266}",P0418,A02.P09,G14,G14,0.91,high,"{""A"": [], ""B"": []}",https://api.hcportal.eu/media/4614/pc_hcp_199_pic.JPG,f50ac01e9e219b7f50d79a2373a81355ce81dbf94da43b12be1b1e7ff9a6a9ce,images/positions/C199.R02.T09.png
419,C199.R02.T10,RIGHT_CW,R02,R02.G02,10,G07,i,False,"[""G07""]",graphical_agreement,"[1465, 840, 1595, 909]","[266, 1465, 335, 1595]",CW90,"{""A"": 304, ""B"": 292}",P0419,A02.P10,G07,G07,0.91,high,"{""A"": [], ""B"": []}",https://api.hcportal.eu/media/4614/pc_hcp_199_pic.JPG,f50ac01e9e219b7f50d79a2373a81355ce81dbf94da43b12be1b1e7ff9a6a9ce,images/positions/C199.R02.T10.png
420,C199.R02.T11,RIGHT_CW,R02,R02.G02,11,G01,v,False,"[""G01""]",graphical_agreement,"[1465, 810, 1595, 892]","[283, 1465, 365, 1595]",CW90,"{""A"": 334, ""B"": 317}",P0420,A02.P11,G01,G01,0.91,high,"{""A"": [], ""B"": []}",https://api.hcportal.eu/media/4614/pc_hcp_199_pic.JPG,f50ac01e9e219b7f50d79a2373a81355ce81dbf94da43b12be1b1e7ff9a6a9ce,images/positions/C199.R02.T11.png
421,C199.R02.T12,RIGHT_CW,R02,R02.G02,12,G05,y,False,"[""G05""]",graphical_agreement,"[1465, 797, 1595, 867]","[308, 1465, 378, 1595]",CW90,"{""A"": 347, ""B"": 334}",P0421,A02.P12,G05,G05,0.91,high,"{""A"": [], ""B"": []}",https://api.hcportal.eu/media/4614/pc_hcp_199_pic.JPG,f50ac01e9e219b7f50d79a2373a81355ce81dbf94da43b12be1b1e7ff9a6a9ce,images/positions/C199.R02.T12.png
422,C199.R02.T13,RIGHT_CW,R02,R02.G02,13,UNKNOWN,?,True,"[""G10"", ""G10_CAP""]",unresolved_mark_ownership,"[1465, 782, 1595, 855]","[320, 1465, 393, 1595]",CW90,"{""A"": 362, ""B"": 354}",P0422,A02.P13,UNKNOWN,UNKNOWN,0.42,unresolved,"{""A"": [{""geometry"": ""Short overhead heavy horizontal/curved stroke."", ""ownership_confidence"": 0.38, ""possible_owner"": ""B01 group 2 position 8 (G01), or current short-shoulder body""}], ""B"": [{""geometry"": ""Short shoulder body below a dark nearly horizontal cap. The cap meets or nearly meets the bottom of the preceding line's G01 descender; allocation to this lower body is uncertain."", ""type"": ""overhead_bar_or_adjacent_descender"", ""ownership_confidence"": ""medium-low; could be a cap for this body or the terminal of the G01 above"", ""semantic_value"": null}]}",https://api.hcportal.eu/media/4614/pc_hcp_199_pic.JPG,f50ac01e9e219b7f50d79a2373a81355ce81dbf94da43b12be1b1e7ff9a6a9ce,images/positions/C199.R02.T13.png
423,C199.R02.T14,RIGHT_CW,R02,R02.G03,14,G20,p,False,"[""G20""]",graphical_agreement,"[1465, 744, 1595, 818]","[357, 1465, 431, 1595]",CW90,"{""A"": 400, ""B"": 391}",P0423,A02.P14,G20,G20,0.91,high,"{""A"": [], ""B"": []}",https://api.hcportal.eu/media/4614/pc_hcp_199_pic.JPG,f50ac01e9e219b7f50d79a2373a81355ce81dbf94da43b12be1b1e7ff9a6a9ce,images/positions/C199.R02.T14.png
424,C199.R02.T15,RIGHT_CW,R02,R02.G03,15,G12,u,False,"[""G12""]",graphical_agreement,"[1465, 725, 1595, 789]","[386, 1465, 450, 1595]",CW90,"{""A"": 419, ""B"": 412}",P0424,A02.P15,G12,G12,0.91,high,"{""A"": [], ""B"": []}",https://api.hcportal.eu/media/4614/pc_hcp_199_pic.JPG,f50ac01e9e219b7f50d79a2373a81355ce81dbf94da43b12be1b1e7ff9a6a9ce,images/positions/C199.R02.T15.png
425,C199.R02.T16,RIGHT_CW,R02,R02.G03,16,G13,s,False,"[""G13""]",graphical_agreement,"[1465, 708, 1595, 771]","[404, 1465, 467, 1595]",CW90,"{""A"": 436, ""B"": 430}",P0425,A02.P16,G13,G13,0.91,high,"{""A"": [], ""B"": []}",https://api.hcportal.eu/media/4614/pc_hcp_199_pic.JPG,f50ac01e9e219b7f50d79a2373a81355ce81dbf94da43b12be1b1e7ff9a6a9ce,images/positions/C199.R02.T16.png
426,C199.R02.T17,RIGHT_CW,R02,R02.G04,17,G20,p,False,"[""G20""]",graphical_agreement,"[1465, 673, 1595, 741]","[434, 1465, 502, 1595]",CW90,"{""A"": 464, ""B"": 468}",P0426,A02.P17,G20,G20,0.91,high,"{""A"": [], ""B"": []}",https://api.hcportal.eu/media/4614/pc_hcp_199_pic.JPG,f50ac01e9e219b7f50d79a2373a81355ce81dbf94da43b12be1b1e7ff9a6a9ce,images/positions/C199.R02.T17.png
427,C199.R02.T18,RIGHT_CW,R02,R02.G04,18,G11,o,False,"[""G11""]",graphical_agreement,"[1465, 660, 1595, 721]","[454, 1465, 515, 1595]",CW90,"{""A"": 484, ""B"": 488}",P0427,A02.P18,G11,G11,0.91,high,"{""A"": [], ""B"": []}",https://api.hcportal.eu/media/4614/pc_hcp_199_pic.JPG,f50ac01e9e219b7f50d79a2373a81355ce81dbf94da43b12be1b1e7ff9a6a9ce,images/positions/C199.R02.T18.png
428,C199.R02.T19,RIGHT_CW,R02,R02.G04,19,G13,s,False,"[""G13""]",graphical_agreement,"[1465, 638, 1595, 699]","[476, 1465, 537, 1595]",CW90,"{""A"": 506, ""B"": 510}",P0428,A02.P19,G13,G13,0.91,high,"{""A"": [], ""B"": []}",https://api.hcportal.eu/media/4614/pc_hcp_199_pic.JPG,f50ac01e9e219b7f50d79a2373a81355ce81dbf94da43b12be1b1e7ff9a6a9ce,images/positions/C199.R02.T19.png
429,C199.R02.T20,RIGHT_CW,R02,R02.G04,20,G07,i,False,"[""G07""]",graphical_agreement,"[1465, 614, 1595, 675]","[500, 1465, 561, 1595]",CW90,"{""A"": 530, ""B"": 530}",P0429,A02.P20,G07,G07,0.91,high,"{""A"": [], ""B"": []}",https://api.hcportal.eu/media/4614/pc_hcp_199_pic.JPG,f50ac01e9e219b7f50d79a2373a81355ce81dbf94da43b12be1b1e7ff9a6a9ce,images/positions/C199.R02.T20.png
430,C199.R02.T21,RIGHT_CW,R02,R02.G04,21,G04,l,False,"[""G04""]",graphical_agreement,"[1465, 590, 1595, 651]","[524, 1465, 585, 1595]",CW90,"{""A"": 554, ""B"": 553}",P0430,A02.P21,G04,G04,0.91,high,"{""A"": [], ""B"": []}",https://api.hcportal.eu/media/4614/pc_hcp_199_pic.JPG,f50ac01e9e219b7f50d79a2373a81355ce81dbf94da43b12be1b1e7ff9a6a9ce,images/positions/C199.R02.T21.png
431,C199.R02.T22,RIGHT_CW,R02,R02.G04,22,G09,a,False,"[""G09""]",graphical_agreement,"[1465, 568, 1595, 629]","[546, 1465, 607, 1595]",CW90,"{""A"": 576, ""B"": 575}",P0431,A02.P22,G09,G09,0.91,high,"{""A"": [], ""B"": []}",https://api.hcportal.eu/media/4614/pc_hcp_199_pic.JPG,f50ac01e9e219b7f50d79a2373a81355ce81dbf94da43b12be1b1e7ff9a6a9ce,images/positions/C199.R02.T22.png
432,C199.R02.T23,RIGHT_CW,R02,R02.G05,23,G01,v,False,"[""G01""]",graphical_agreement,"[1465, 522, 1595, 590]","[585, 1465, 653, 1595]",CW90,"{""A"": 618, ""B"": 619}",P0432,A02.P23,G01,G01,0.91,high,"{""A"": [], ""B"": []}",https://api.hcportal.eu/media/4614/pc_hcp_199_pic.JPG,f50ac01e9e219b7f50d79a2373a81355ce81dbf94da43b12be1b1e7ff9a6a9ce,images/positions/C199.R02.T23.png
433,C199.R02.T24,RIGHT_CW,R02,R02.G05,24,G03,e,False,"[""G03""]",graphical_agreement,"[1465, 504, 1595, 565]","[610, 1465, 671, 1595]",CW90,"{""A"": 640, ""B"": 641}",P0433,A02.P24,G03,G03,0.91,high,"{""A"": [], ""B"": []}",https://api.hcportal.eu/media/4614/pc_hcp_199_pic.JPG,f50ac01e9e219b7f50d79a2373a81355ce81dbf94da43b12be1b1e7ff9a6a9ce,images/positions/C199.R02.T24.png
434,C199.R02.T25,RIGHT_CW,R02,R02.G05,25,G19,c,False,"[""G19""]",graphical_agreement,"[1465, 482, 1595, 547]","[628, 1465, 693, 1595]",CW90,"{""A"": 662, ""B"": 654}",P0434,A02.P25,G19,G19,0.91,high,"{""A"": [], ""B"": []}",https://api.hcportal.eu/media/4614/pc_hcp_199_pic.JPG,f50ac01e9e219b7f50d79a2373a81355ce81dbf94da43b12be1b1e7ff9a6a9ce,images/positions/C199.R02.T25.png
435,C199.R02.T26,RIGHT_CW,R02,R02.G05,26,G14,n,False,"[""G14""]",graphical_agreement,"[1465, 455, 1595, 526]","[649, 1465, 720, 1595]",CW90,"{""A"": 689, ""B"": 675}",P0435,A02.P26,G14,G14,0.91,high,"{""A"": [], ""B"": []}",https://api.hcportal.eu/media/4614/pc_hcp_199_pic.JPG,f50ac01e9e219b7f50d79a2373a81355ce81dbf94da43b12be1b1e7ff9a6a9ce,images/positions/C199.R02.T26.png
436,C199.R02.T27,RIGHT_CW,R02,R02.G05,27,G03,e,False,"[""G03""]",graphical_agreement,"[1465, 430, 1595, 499]","[676, 1465, 745, 1595]",CW90,"{""A"": 714, ""B"": 702}",P0436,A02.P27,G03,G03,0.91,high,"{""A"": [], ""B"": []}",https://api.hcportal.eu/media/4614/pc_hcp_199_pic.JPG,f50ac01e9e219b7f50d79a2373a81355ce81dbf94da43b12be1b1e7ff9a6a9ce,images/positions/C199.R02.T27.png
437,C199.R02.T28,RIGHT_CW,R02,R02.G06,28,G18,t,False,"[""G18""]",graphical_agreement,"[1465, 392, 1595, 466]","[709, 1465, 783, 1595]",CW90,"{""A"": 752, ""B"": 743}",P0437,A02.P28,G18,G18,0.91,high,"{""A"": [], ""B"": []}",https://api.hcportal.eu/media/4614/pc_hcp_199_pic.JPG,f50ac01e9e219b7f50d79a2373a81355ce81dbf94da43b12be1b1e7ff9a6a9ce,images/positions/C199.R02.T28.png
438,C199.R02.T29,RIGHT_CW,R02,R02.G06,29,G01,v,False,"[""G01""]",graphical_agreement,"[1465, 370, 1595, 446]","[729, 1465, 805, 1595]",CW90,"{""A"": 774, ""B"": 763}",P0438,A02.P29,G01,G01,0.91,high,"{""A"": [], ""B"": []}",https://api.hcportal.eu/media/4614/pc_hcp_199_pic.JPG,f50ac01e9e219b7f50d79a2373a81355ce81dbf94da43b12be1b1e7ff9a6a9ce,images/positions/C199.R02.T29.png
439,C199.R02.T30,RIGHT_CW,R02,R02.G06,30,G12,u,False,"[""G12""]",graphical_agreement,"[1465, 354, 1595, 417]","[758, 1465, 821, 1595]",CW90,"{""A"": 790, ""B"": 784}",P0439,A02.P30,G12,G12,0.91,high,"{""A"": [], ""B"": []}",https://api.hcportal.eu/media/4614/pc_hcp_199_pic.JPG,f50ac01e9e219b7f50d79a2373a81355ce81dbf94da43b12be1b1e7ff9a6a9ce,images/positions/C199.R02.T30.png
440,C199.R02.T31,RIGHT_CW,R02,R02.G06,31,G21,j,False,"[""G21"", ""G07""]",resolved_from_pixels,"[1465, 334, 1595, 400]","[775, 1465, 841, 1595]",CW90,"{""A"": 810, ""B"": 801}",P0440,A02.P31,G07,G21,0.91,high,"{""A"": [], ""B"": []}",https://api.hcportal.eu/media/4614/pc_hcp_199_pic.JPG,f50ac01e9e219b7f50d79a2373a81355ce81dbf94da43b12be1b1e7ff9a6a9ce,images/positions/C199.R02.T31.png
441,C199.R02.T32,RIGHT_CW,R02,R02.G07,32,G20,p,False,"[""G20""]",graphical_agreement,"[1465, 304, 1595, 372]","[803, 1465, 871, 1595]",CW90,"{""A"": 840, ""B"": 837}",P0441,A02.P32,G20,G20,0.91,high,"{""A"": [], ""B"": []}",https://api.hcportal.eu/media/4614/pc_hcp_199_pic.JPG,f50ac01e9e219b7f50d79a2373a81355ce81dbf94da43b12be1b1e7ff9a6a9ce,images/positions/C199.R02.T32.png
442,C199.R02.T33,RIGHT_CW,R02,R02.G07,33,G03,e,False,"[""G03""]",graphical_agreement,"[1465, 283, 1595, 344]","[831, 1465, 892, 1595]",CW90,"{""A"": 861, ""B"": 860}",P0442,A02.P33,G03,G03,0.91,high,"{""A"": [], ""B"": []}",https://api.hcportal.eu/media/4614/pc_hcp_199_pic.JPG,f50ac01e9e219b7f50d79a2373a81355ce81dbf94da43b12be1b1e7ff9a6a9ce,images/positions/C199.R02.T33.png
443,C199.R02.T34,RIGHT_CW,R02,R02.G07,34,G20,p,False,"[""G20""]",graphical_agreement,"[1465, 256, 1595, 324]","[851, 1465, 919, 1595]",CW90,"{""A"": 887, ""B"": 885}",P0443,A02.P34,G20,G20,0.91,high,"{""A"": [], ""B"": []}",https://api.hcportal.eu/media/4614/pc_hcp_199_pic.JPG,f50ac01e9e219b7f50d79a2373a81355ce81dbf94da43b12be1b1e7ff9a6a9ce,images/positions/C199.R02.T34.png
444,C199.R02.T35,RIGHT_CW,R02,R02.G07,35,G11,o,False,"[""G11""]",graphical_agreement,"[1465, 234, 1595, 297]","[878, 1465, 941, 1595]",CW90,"{""A"": 910, ""B"": 904}",P0444,A02.P35,G11,G11,0.91,high,"{""A"": [], ""B"": []}",https://api.hcportal.eu/media/4614/pc_hcp_199_pic.JPG,f50ac01e9e219b7f50d79a2373a81355ce81dbf94da43b12be1b1e7ff9a6a9ce,images/positions/C199.R02.T35.png
445,C199.R02.T36,RIGHT_CW,R02,R02.G07,36,G12,u,False,"[""G12""]",graphical_agreement,"[1465, 210, 1595, 275]","[900, 1465, 965, 1595]",CW90,"{""A"": 934, ""B"": 926}",P0445,A02.P36,G12,G12,0.91,high,"{""A"": [], ""B"": []}",https://api.hcportal.eu/media/4614/pc_hcp_199_pic.JPG,f50ac01e9e219b7f50d79a2373a81355ce81dbf94da43b12be1b1e7ff9a6a9ce,images/positions/C199.R02.T36.png
446,C199.R02.T37,RIGHT_CW,R02,R02.G07,37,G13,s,False,"[""G13""]",graphical_agreement,"[1465, 188, 1595, 252]","[923, 1465, 987, 1595]",CW90,"{""A"": 956, ""B"": 949}",P0446,A02.P37,G13,G13,0.91,high,"{""A"": [], ""B"": []}",https://api.hcportal.eu/media/4614/pc_hcp_199_pic.JPG,f50ac01e9e219b7f50d79a2373a81355ce81dbf94da43b12be1b1e7ff9a6a9ce,images/positions/C199.R02.T37.png
447,C199.R02.T39,RIGHT_CW,R02,R02.G08,39,G08_N01,k,False,"[""G08_N01""]",graphical_agreement,"[1465, 134, 1595, 235]","[940, 1465, 1041, 1595]",CW90,"{""A"": 990, ""B"": 985}",P0447,A02.P39,G08_N01,G08_N01,0.91,high,"{""A"": [], ""B"": []}",https://api.hcportal.eu/media/4614/pc_hcp_199_pic.JPG,f50ac01e9e219b7f50d79a2373a81355ce81dbf94da43b12be1b1e7ff9a6a9ce,images/positions/C199.R02.T39.png
448,C199.R02.T40,RIGHT_CW,R02,R02.G08,40,G18,t,False,"[""G18""]",graphical_agreement,"[1465, 129, 1595, 197]","[978, 1465, 1046, 1595]",CW90,"{""A"": 1014, ""B"": 1012}",P0448,A02.P40,G18,G18,0.91,high,"{""A"": [], ""B"": []}",https://api.hcportal.eu/media/4614/pc_hcp_199_pic.JPG,f50ac01e9e219b7f50d79a2373a81355ce81dbf94da43b12be1b1e7ff9a6a9ce,images/positions/C199.R02.T40.png
449,C199.R02.T41,RIGHT_CW,R02,R02.G08,41,G03,e,False,"[""G03""]",graphical_agreement,"[1465, 106, 1595, 167]","[1008, 1465, 1069, 1595]",CW90,"{""A"": 1038, ""B"": 1038}",P0449,A02.P41,G03,G03,0.91,high,"{""A"": [], ""B"": []}",https://api.hcportal.eu/media/4614/pc_hcp_199_pic.JPG,f50ac01e9e219b7f50d79a2373a81355ce81dbf94da43b12be1b1e7ff9a6a9ce,images/positions/C199.R02.T41.png
450,C199.R02.T42,RIGHT_CW,R02,R02.G08,42,G02,r,False,"[""G02""]",graphical_agreement,"[1465, 81, 1595, 151]","[1024, 1465, 1094, 1595]",CW90,"{""A"": 1063, ""B"": 1058}",P0450,A02.P42,G02,G02,0.91,high,"{""A"": [], ""B"": []}",https://api.hcportal.eu/media/4614/pc_hcp_199_pic.JPG,f50ac01e9e219b7f50d79a2373a81355ce81dbf94da43b12be1b1e7ff9a6a9ce,images/positions/C199.R02.T42.png
451,C199.R02.T43,RIGHT_CW,R02,R02.G08,43,G05,y,False,"[""G05""]",graphical_agreement,"[1465, 56, 1595, 118]","[1057, 1465, 1119, 1595]",CW90,"{""A"": 1088, ""B"": 1083}",P0451,A02.P43,G05,G05,0.91,high,"{""A"": [], ""B"": []}",https://api.hcportal.eu/media/4614/pc_hcp_199_pic.JPG,f50ac01e9e219b7f50d79a2373a81355ce81dbf94da43b12be1b1e7ff9a6a9ce,images/positions/C199.R02.T43.png
452,C199.R03.T01,RIGHT_CW,R03,R03.G01,1,G13,s,False,"[""G13""]",graphical_agreement,"[1518, 1072, 1650, 1133]","[42, 1518, 103, 1650]",CW90,"{""A"": 72, ""B"": 69}",P0452,A03.P01,G13,G13,0.91,high,"{""A"": [], ""B"": []}",https://api.hcportal.eu/media/4614/pc_hcp_199_pic.JPG,f50ac01e9e219b7f50d79a2373a81355ce81dbf94da43b12be1b1e7ff9a6a9ce,images/positions/C199.R03.T01.png
453,C199.R03.T02,RIGHT_CW,R03,R03.G01,2,G01,v,False,"[""G01""]",graphical_agreement,"[1518, 1051, 1650, 1119]","[56, 1518, 124, 1650]",CW90,"{""A"": 91, ""B"": 90}",P0453,A03.P02,G01,G01,0.91,high,"{""A"": [], ""B"": []}",https://api.hcportal.eu/media/4614/pc_hcp_199_pic.JPG,f50ac01e9e219b7f50d79a2373a81355ce81dbf94da43b12be1b1e7ff9a6a9ce,images/positions/C199.R03.T02.png
454,C199.R03.T03,RIGHT_CW,R03,R03.G01,3,G03,e,False,"[""G03""]",graphical_agreement,"[1518, 1035, 1650, 1096]","[79, 1518, 140, 1650]",CW90,"{""A"": 109, ""B"": 109}",P0454,A03.P03,G03,G03,0.91,high,"{""A"": [], ""B"": []}",https://api.hcportal.eu/media/4614/pc_hcp_199_pic.JPG,f50ac01e9e219b7f50d79a2373a81355ce81dbf94da43b12be1b1e7ff9a6a9ce,images/positions/C199.R03.T03.png
455,C199.R03.T04,RIGHT_CW,R03,R03.G01,4,G15,m,False,"[""G15""]",graphical_agreement,"[1518, 1010, 1650, 1071]","[104, 1518, 165, 1650]",CW90,"{""A"": 134, ""B"": 132}",P0455,A03.P04,G15,G15,0.91,high,"{""A"": [], ""B"": []}",https://api.hcportal.eu/media/4614/pc_hcp_199_pic.JPG,f50ac01e9e219b7f50d79a2373a81355ce81dbf94da43b12be1b1e7ff9a6a9ce,images/positions/C199.R03.T04.png
456,C199.R03.T05,RIGHT_CW,R03,R03.G01,5,G12,u,False,"[""G12""]",graphical_agreement,"[1518, 990, 1650, 1051]","[124, 1518, 185, 1650]",CW90,"{""A"": 154, ""B"": 151}",P0456,A03.P05,G12,G12,0.91,high,"{""A"": [], ""B"": []}",https://api.hcportal.eu/media/4614/pc_hcp_199_pic.JPG,f50ac01e9e219b7f50d79a2373a81355ce81dbf94da43b12be1b1e7ff9a6a9ce,images/positions/C199.R03.T05.png
457,C199.R03.T06,RIGHT_CW,R03,R03.G02,6,UNKNOWN,?,True,"[""G13""]",unresolved_retracing,"[1518, 942, 1650, 1011]","[164, 1518, 233, 1650]",CW90,"{""A"": 202, ""B"": 196}",P0457,A03.P06,UNKNOWN,UNKNOWN,0.52,unresolved,"{""A"": [{""geometry"": ""Dense fill/possible overwrite at left and bottom of body."", ""ownership_confidence"": 0.93}], ""B"": [{""geometry"": ""Short right-open crook/arc with densely filled left/lower portion; the dark patch could hide an earlier stroke."", ""type"": ""dense_retracing_or_overwrite"", ""ownership_confidence"": ""high for the dark patch belonging to this position; low for separating any original and added strokes"", ""semantic_value"": null}]}",https://api.hcportal.eu/media/4614/pc_hcp_199_pic.JPG,f50ac01e9e219b7f50d79a2373a81355ce81dbf94da43b12be1b1e7ff9a6a9ce,images/positions/C199.R03.T06.png
458,C199.R03.T07,RIGHT_CW,R03,R03.G02,7,G02,r,False,"[""G02""]",graphical_agreement,"[1518, 922, 1650, 995]","[180, 1518, 253, 1650]",CW90,"{""A"": 222, ""B"": 214}",P0458,A03.P07,G02,G02,0.91,high,"{""A"": [], ""B"": []}",https://api.hcportal.eu/media/4614/pc_hcp_199_pic.JPG,f50ac01e9e219b7f50d79a2373a81355ce81dbf94da43b12be1b1e7ff9a6a9ce,images/positions/C199.R03.T07.png
459,C199.R03.T08,RIGHT_CW,R03,R03.G02,8,G06,d,False,"[""G06""]",graphical_agreement,"[1518, 905, 1650, 973]","[202, 1518, 270, 1650]",CW90,"{""A"": 239, ""B"": 236}",P0459,A03.P08,G06,G06,0.91,high,"{""A"": [], ""B"": []}",https://api.hcportal.eu/media/4614/pc_hcp_199_pic.JPG,f50ac01e9e219b7f50d79a2373a81355ce81dbf94da43b12be1b1e7ff9a6a9ce,images/positions/C199.R03.T08.png
460,C199.R03.T09,RIGHT_CW,R03,R03.G02,9,G03,e,False,"[""G03""]",graphical_agreement,"[1518, 890, 1650, 951]","[224, 1518, 285, 1650]",CW90,"{""A"": 254, ""B"": 253}",P0460,A03.P09,G03,G03,0.91,high,"{""A"": [], ""B"": []}",https://api.hcportal.eu/media/4614/pc_hcp_199_pic.JPG,f50ac01e9e219b7f50d79a2373a81355ce81dbf94da43b12be1b1e7ff9a6a9ce,images/positions/C199.R03.T09.png
461,C199.R03.T10,RIGHT_CW,R03,R03.G02,10,G19,c,False,"[""G19""]",graphical_agreement,"[1518, 872, 1650, 933]","[242, 1518, 303, 1650]",CW90,"{""A"": 272, ""B"": 270}",P0461,A03.P10,G19,G19,0.91,high,"{""A"": [], ""B"": []}",https://api.hcportal.eu/media/4614/pc_hcp_199_pic.JPG,f50ac01e9e219b7f50d79a2373a81355ce81dbf94da43b12be1b1e7ff9a6a9ce,images/positions/C199.R03.T10.png
462,C199.R03.T11,RIGHT_CW,R03,R03.G02,11,G08_N01,k,False,"[""G08_N01""]",graphical_agreement,"[1518, 828, 1650, 929]","[246, 1518, 347, 1650]",CW90,"{""A"": 296, ""B"": 290}",P0462,A03.P11,G08_N01,G08_N01,0.91,high,"{""A"": [], ""B"": []}",https://api.hcportal.eu/media/4614/pc_hcp_199_pic.JPG,f50ac01e9e219b7f50d79a2373a81355ce81dbf94da43b12be1b1e7ff9a6a9ce,images/positions/C199.R03.T11.png
463,C199.R03.T12,RIGHT_CW,R03,R03.G02,12,G12,u,False,"[""G12""]",graphical_agreement,"[1518, 823, 1650, 890]","[285, 1518, 352, 1650]",CW90,"{""A"": 321, ""B"": 311}",P0463,A03.P12,G12,G12,0.91,high,"{""A"": [], ""B"": []}",https://api.hcportal.eu/media/4614/pc_hcp_199_pic.JPG,f50ac01e9e219b7f50d79a2373a81355ce81dbf94da43b12be1b1e7ff9a6a9ce,images/positions/C199.R03.T12.png
464,C199.R03.T13,RIGHT_CW,R03,R03.G03,13,G20,p,False,"[""G20""]",graphical_agreement,"[1518, 779, 1650, 848]","[327, 1518, 396, 1650]",CW90,"{""A"": 362, ""B"": 362}",P0464,A03.P13,G20,G20,0.91,high,"{""A"": [], ""B"": []}",https://api.hcportal.eu/media/4614/pc_hcp_199_pic.JPG,f50ac01e9e219b7f50d79a2373a81355ce81dbf94da43b12be1b1e7ff9a6a9ce,images/positions/C199.R03.T13.png
465,C199.R03.T14,RIGHT_CW,R03,R03.G03,14,G02,r,False,"[""G02""]",graphical_agreement,"[1518, 758, 1650, 826]","[349, 1518, 417, 1650]",CW90,"{""A"": 385, ""B"": 383}",P0465,A03.P14,G02,G02,0.91,high,"{""A"": [], ""B"": []}",https://api.hcportal.eu/media/4614/pc_hcp_199_pic.JPG,f50ac01e9e219b7f50d79a2373a81355ce81dbf94da43b12be1b1e7ff9a6a9ce,images/positions/C199.R03.T14.png
466,C199.R03.T15,RIGHT_CW,R03,R03.G03,15,G03,e,False,"[""G03""]",graphical_agreement,"[1518, 738, 1650, 799]","[376, 1518, 437, 1650]",CW90,"{""A"": 406, ""B"": 403}",P0466,A03.P15,G03,G03,0.91,high,"{""A"": [], ""B"": []}",https://api.hcportal.eu/media/4614/pc_hcp_199_pic.JPG,f50ac01e9e219b7f50d79a2373a81355ce81dbf94da43b12be1b1e7ff9a6a9ce,images/positions/C199.R03.T15.png
467,C199.R03.T16,RIGHT_CW,R03,R03.G03,16,G21,j,False,"[""G21""]",graphical_agreement,"[1518, 715, 1650, 779]","[396, 1518, 460, 1650]",CW90,"{""A"": 429, ""B"": 422}",P0467,A03.P16,G21,G21,0.91,high,"{""A"": [], ""B"": []}",https://api.hcportal.eu/media/4614/pc_hcp_199_pic.JPG,f50ac01e9e219b7f50d79a2373a81355ce81dbf94da43b12be1b1e7ff9a6a9ce,images/positions/C199.R03.T16.png
468,C199.R03.T17,RIGHT_CW,R03,R03.G03,17,G03,e,False,"[""G03""]",graphical_agreement,"[1518, 696, 1650, 761]","[414, 1518, 479, 1650]",CW90,"{""A"": 448, ""B"": 440}",P0468,A03.P17,G03,G03,0.91,high,"{""A"": [], ""B"": []}",https://api.hcportal.eu/media/4614/pc_hcp_199_pic.JPG,f50ac01e9e219b7f50d79a2373a81355ce81dbf94da43b12be1b1e7ff9a6a9ce,images/positions/C199.R03.T17.png
469,C199.R03.T19,RIGHT_CW,R03,R03.G04,19,G09,a,False,"[""G09""]",graphical_agreement,"[1518, 645, 1650, 706]","[469, 1518, 530, 1650]",CW90,"{""A"": 499, ""B"": 498}",P0469,A03.P19,G09,G09,0.91,high,"{""A"": [], ""B"": []}",https://api.hcportal.eu/media/4614/pc_hcp_199_pic.JPG,f50ac01e9e219b7f50d79a2373a81355ce81dbf94da43b12be1b1e7ff9a6a9ce,images/positions/C199.R03.T19.png
470,C199.R03.T20,RIGHT_CW,R03,R03.G04,20,G17,b,False,"[""G17""]",graphical_agreement,"[1518, 621, 1650, 691]","[484, 1518, 554, 1650]",CW90,"{""A"": 523, ""B"": 518}",P0470,A03.P20,G17,G17,0.91,high,"{""A"": [], ""B"": []}",https://api.hcportal.eu/media/4614/pc_hcp_199_pic.JPG,f50ac01e9e219b7f50d79a2373a81355ce81dbf94da43b12be1b1e7ff9a6a9ce,images/positions/C199.R03.T20.png
471,C199.R03.T21,RIGHT_CW,R03,R03.G04,21,G05,y,False,"[""G05""]",graphical_agreement,"[1518, 601, 1650, 662]","[513, 1518, 574, 1650]",CW90,"{""A"": 543, ""B"": 543}",P0471,A03.P21,G05,G05,0.91,high,"{""A"": [], ""B"": []}",https://api.hcportal.eu/media/4614/pc_hcp_199_pic.JPG,f50ac01e9e219b7f50d79a2373a81355ce81dbf94da43b12be1b1e7ff9a6a9ce,images/positions/C199.R03.T21.png
472,C199.R03.T22,RIGHT_CW,R03,R03.G05,22,G13,s,False,"[""G13""]",graphical_agreement,"[1518, 568, 1650, 629]","[546, 1518, 607, 1650]",CW90,"{""A"": 576, ""B"": 574}",P0472,A03.P22,G13,G13,0.91,high,"{""A"": [], ""B"": []}",https://api.hcportal.eu/media/4614/pc_hcp_199_pic.JPG,f50ac01e9e219b7f50d79a2373a81355ce81dbf94da43b12be1b1e7ff9a6a9ce,images/positions/C199.R03.T22.png
473,C199.R03.T23,RIGHT_CW,R03,R03.G05,23,G03,e,False,"[""G03""]",graphical_agreement,"[1518, 548, 1650, 609]","[566, 1518, 627, 1650]",CW90,"{""A"": 596, ""B"": 594}",P0473,A03.P23,G03,G03,0.91,high,"{""A"": [], ""B"": []}",https://api.hcportal.eu/media/4614/pc_hcp_199_pic.JPG,f50ac01e9e219b7f50d79a2373a81355ce81dbf94da43b12be1b1e7ff9a6a9ce,images/positions/C199.R03.T23.png
474,C199.R03.T24,RIGHT_CW,R03,R03.G06,24,G06,d,False,"[""G06""]",graphical_agreement,"[1518, 507, 1650, 577]","[598, 1518, 668, 1650]",CW90,"{""A"": 637, ""B"": 632}",P0474,A03.P24,G06,G06,0.91,high,"{""A"": [], ""B"": []}",https://api.hcportal.eu/media/4614/pc_hcp_199_pic.JPG,f50ac01e9e219b7f50d79a2373a81355ce81dbf94da43b12be1b1e7ff9a6a9ce,images/positions/C199.R03.T24.png
475,C199.R03.T25,RIGHT_CW,R03,R03.G06,25,G11,o,False,"[""G11""]",graphical_agreement,"[1518, 489, 1650, 551]","[624, 1518, 686, 1650]",CW90,"{""A"": 655, ""B"": 650}",P0475,A03.P25,G11,G11,0.91,high,"{""A"": [], ""B"": []}",https://api.hcportal.eu/media/4614/pc_hcp_199_pic.JPG,f50ac01e9e219b7f50d79a2373a81355ce81dbf94da43b12be1b1e7ff9a6a9ce,images/positions/C199.R03.T25.png
476,C199.R03.T26,RIGHT_CW,R03,R03.G06,26,G17,b,False,"[""G17""]",graphical_agreement,"[1518, 466, 1650, 534]","[641, 1518, 709, 1650]",CW90,"{""A"": 678, ""B"": 675}",P0476,A03.P26,G17,G17,0.91,high,"{""A"": [], ""B"": []}",https://api.hcportal.eu/media/4614/pc_hcp_199_pic.JPG,f50ac01e9e219b7f50d79a2373a81355ce81dbf94da43b12be1b1e7ff9a6a9ce,images/positions/C199.R03.T26.png
477,C199.R03.T27,RIGHT_CW,R03,R03.G06,27,G02,r,False,"[""G02""]",graphical_agreement,"[1518, 443, 1650, 511]","[664, 1518, 732, 1650]",CW90,"{""A"": 701, ""B"": 698}",P0477,A03.P27,G02,G02,0.91,high,"{""A"": [], ""B"": []}",https://api.hcportal.eu/media/4614/pc_hcp_199_pic.JPG,f50ac01e9e219b7f50d79a2373a81355ce81dbf94da43b12be1b1e7ff9a6a9ce,images/positions/C199.R03.T27.png
478,C199.R03.T28,RIGHT_CW,R03,R03.G06,28,G03,e,False,"[""G03""]",graphical_agreement,"[1518, 421, 1650, 483]","[692, 1518, 754, 1650]",CW90,"{""A"": 723, ""B"": 718}",P0478,A03.P28,G03,G03,0.91,high,"{""A"": [], ""B"": []}",https://api.hcportal.eu/media/4614/pc_hcp_199_pic.JPG,f50ac01e9e219b7f50d79a2373a81355ce81dbf94da43b12be1b1e7ff9a6a9ce,images/positions/C199.R03.T28.png
479,C199.R03.T29,RIGHT_CW,R03,R03.G07,29,G17,b,False,"[""G17""]",graphical_agreement,"[1518, 381, 1650, 449]","[726, 1518, 794, 1650]",CW90,"{""A"": 762, ""B"": 760}",P0479,A03.P29,G17,G17,0.91,high,"{""A"": [], ""B"": []}",https://api.hcportal.eu/media/4614/pc_hcp_199_pic.JPG,f50ac01e9e219b7f50d79a2373a81355ce81dbf94da43b12be1b1e7ff9a6a9ce,images/positions/C199.R03.T29.png
480,C199.R03.T30,RIGHT_CW,R03,R03.G07,30,G09,a,False,"[""G09""]",graphical_agreement,"[1518, 361, 1650, 422]","[753, 1518, 814, 1650]",CW90,"{""A"": 783, ""B"": 784}",P0480,A03.P30,G09,G09,0.91,high,"{""A"": [], ""B"": []}",https://api.hcportal.eu/media/4614/pc_hcp_199_pic.JPG,f50ac01e9e219b7f50d79a2373a81355ce81dbf94da43b12be1b1e7ff9a6a9ce,images/positions/C199.R03.T30.png
481,C199.R03.T31,RIGHT_CW,R03,R03.G07,31,G01,v,False,"[""G01""]",graphical_agreement,"[1518, 337, 1650, 405]","[770, 1518, 838, 1650]",CW90,"{""A"": 805, ""B"": 804}",P0481,A03.P31,G01,G01,0.91,high,"{""A"": [], ""B"": []}",https://api.hcportal.eu/media/4614/pc_hcp_199_pic.JPG,f50ac01e9e219b7f50d79a2373a81355ce81dbf94da43b12be1b1e7ff9a6a9ce,images/positions/C199.R03.T31.png
482,C199.R03.T32,RIGHT_CW,R03,R03.G07,32,G07,i,False,"[""G07""]",graphical_agreement,"[1518, 318, 1650, 379]","[796, 1518, 857, 1650]",CW90,"{""A"": 826, ""B"": 825}",P0482,A03.P32,G07,G07,0.91,high,"{""A"": [], ""B"": []}",https://api.hcportal.eu/media/4614/pc_hcp_199_pic.JPG,f50ac01e9e219b7f50d79a2373a81355ce81dbf94da43b12be1b1e7ff9a6a9ce,images/positions/C199.R03.T32.png
483,C199.R03.T33,RIGHT_CW,R03,R03.G07,33,G04,l,False,"[""G04""]",graphical_agreement,"[1518, 296, 1650, 357]","[818, 1518, 879, 1650]",CW90,"{""A"": 848, ""B"": 852}",P0483,A03.P33,G04,G04,0.91,high,"{""A"": [], ""B"": []}",https://api.hcportal.eu/media/4614/pc_hcp_199_pic.JPG,f50ac01e9e219b7f50d79a2373a81355ce81dbf94da43b12be1b1e7ff9a6a9ce,images/positions/C199.R03.T33.png
484,C199.R03.T34,RIGHT_CW,R03,R03.G07,34,G11,o,False,"[""G11""]",graphical_agreement,"[1518, 272, 1650, 333]","[842, 1518, 903, 1650]",CW90,"{""A"": 872, ""B"": 874}",P0484,A03.P34,G11,G11,0.91,high,"{""A"": [], ""B"": []}",https://api.hcportal.eu/media/4614/pc_hcp_199_pic.JPG,f50ac01e9e219b7f50d79a2373a81355ce81dbf94da43b12be1b1e7ff9a6a9ce,images/positions/C199.R03.T34.png
485,C199.R03.T36,RIGHT_CW,R03,R03.G08,36,G09,a,False,"[""G09""]",graphical_agreement,"[1518, 226, 1650, 287]","[888, 1518, 949, 1650]",CW90,"{""A"": 918, ""B"": 915}",P0485,A03.P36,G09,G09,0.91,high,"{""A"": [], ""B"": []}",https://api.hcportal.eu/media/4614/pc_hcp_199_pic.JPG,f50ac01e9e219b7f50d79a2373a81355ce81dbf94da43b12be1b1e7ff9a6a9ce,images/positions/C199.R03.T36.png
486,C199.R03.T37,RIGHT_CW,R03,R03.G08,37,G01,v,False,"[""G01""]",graphical_agreement,"[1518, 203, 1650, 271]","[904, 1518, 972, 1650]",CW90,"{""A"": 938, ""B"": 938}",P0486,A03.P37,G01,G01,0.91,high,"{""A"": [], ""B"": []}",https://api.hcportal.eu/media/4614/pc_hcp_199_pic.JPG,f50ac01e9e219b7f50d79a2373a81355ce81dbf94da43b12be1b1e7ff9a6a9ce,images/positions/C199.R03.T37.png
487,C199.R03.T38,RIGHT_CW,R03,R03.G08,38,G09,a,False,"[""G09""]",graphical_agreement,"[1518, 189, 1650, 250]","[925, 1518, 986, 1650]",CW90,"{""A"": 955, ""B"": 956}",P0487,A03.P38,G09,G09,0.91,high,"{""A"": [], ""B"": []}",https://api.hcportal.eu/media/4614/pc_hcp_199_pic.JPG,f50ac01e9e219b7f50d79a2373a81355ce81dbf94da43b12be1b1e7ff9a6a9ce,images/positions/C199.R03.T38.png
488,C199.R03.T39,RIGHT_CW,R03,R03.G08,39,G09,a,False,"[""G09""]",graphical_agreement,"[1518, 165, 1650, 226]","[949, 1518, 1010, 1650]",CW90,"{""A"": 979, ""B"": 981}",P0488,A03.P39,G09,G09,0.91,high,"{""A"": [], ""B"": []}",https://api.hcportal.eu/media/4614/pc_hcp_199_pic.JPG,f50ac01e9e219b7f50d79a2373a81355ce81dbf94da43b12be1b1e7ff9a6a9ce,images/positions/C199.R03.T39.png
489,C199.R03.T40,RIGHT_CW,R03,R03.G08,40,G08_N01,k,False,"[""G08_N01""]",complete_returned_loop_template_match,"[1518, 103, 1650, 222]","[953, 1518, 1072, 1650]",CW90,"{""A"": 1003, ""B"": 1005}",P0489,A03.P40,G08_N01,G08_N01,0.91,high,"{""A"": [{""geometry"": ""Long outward flourish/return associated with lower-loop body; neighboring ink remains in contextual crop."", ""ownership_confidence"": 0.82}], ""B"": []}",https://api.hcportal.eu/media/4614/pc_hcp_199_pic.JPG,f50ac01e9e219b7f50d79a2373a81355ce81dbf94da43b12be1b1e7ff9a6a9ce,images/positions/C199.R03.T40.png
490,C199.R04.T01,RIGHT_CW,R04,R04.G01,1,G20,p,False,"[""G20""]",graphical_agreement,"[1568, 1066, 1700, 1134]","[41, 1568, 109, 1700]",CW90,"{""A"": 73, ""B"": 75}",P0490,A04.P01,G20,G20,0.91,high,"{""A"": [], ""B"": []}",https://api.hcportal.eu/media/4614/pc_hcp_199_pic.JPG,f50ac01e9e219b7f50d79a2373a81355ce81dbf94da43b12be1b1e7ff9a6a9ce,images/positions/C199.R04.T01.png
491,C199.R04.T02,RIGHT_CW,R04,R04.G01,2,G02,r,False,"[""G02""]",graphical_agreement,"[1568, 1040, 1700, 1109]","[66, 1568, 135, 1700]",CW90,"{""A"": 104, ""B"": 100}",P0491,A04.P02,G02,G02,0.91,high,"{""A"": [], ""B"": []}",https://api.hcportal.eu/media/4614/pc_hcp_199_pic.JPG,f50ac01e9e219b7f50d79a2373a81355ce81dbf94da43b12be1b1e7ff9a6a9ce,images/positions/C199.R04.T02.png
492,C199.R04.T03,RIGHT_CW,R04,R04.G01,3,G11,o,False,"[""G11""]",graphical_agreement,"[1568, 1022, 1700, 1083]","[92, 1568, 153, 1700]",CW90,"{""A"": 122, ""B"": 121}",P0492,A04.P03,G11,G11,0.91,high,"{""A"": [], ""B"": []}",https://api.hcportal.eu/media/4614/pc_hcp_199_pic.JPG,f50ac01e9e219b7f50d79a2373a81355ce81dbf94da43b12be1b1e7ff9a6a9ce,images/positions/C199.R04.T03.png
493,C199.R04.T04,RIGHT_CW,R04,R04.G01,4,G13,s,False,"[""G13""]",graphical_agreement,"[1568, 1000, 1700, 1063]","[112, 1568, 175, 1700]",CW90,"{""A"": 144, ""B"": 138}",P0493,A04.P04,G13,G13,0.91,high,"{""A"": [], ""B"": []}",https://api.hcportal.eu/media/4614/pc_hcp_199_pic.JPG,f50ac01e9e219b7f50d79a2373a81355ce81dbf94da43b12be1b1e7ff9a6a9ce,images/positions/C199.R04.T04.png
494,C199.R04.T05,RIGHT_CW,R04,R04.G01,5,G07,i,False,"[""G07""]",graphical_agreement,"[1568, 980, 1700, 1042]","[133, 1568, 195, 1700]",CW90,"{""A"": 164, ""B"": 159}",P0494,A04.P05,G07,G07,0.91,high,"{""A"": [], ""B"": []}",https://api.hcportal.eu/media/4614/pc_hcp_199_pic.JPG,f50ac01e9e219b7f50d79a2373a81355ce81dbf94da43b12be1b1e7ff9a6a9ce,images/positions/C199.R04.T05.png
495,C199.R04.T07,RIGHT_CW,R04,R04.G02,7,G09,a,False,"[""G09""]",graphical_agreement,"[1568, 930, 1700, 991]","[184, 1568, 245, 1700]",CW90,"{""A"": 214, ""B"": 215}",P0495,A04.P07,G09,G09,0.91,high,"{""A"": [], ""B"": []}",https://api.hcportal.eu/media/4614/pc_hcp_199_pic.JPG,f50ac01e9e219b7f50d79a2373a81355ce81dbf94da43b12be1b1e7ff9a6a9ce,images/positions/C199.R04.T07.png
496,C199.R04.T08,RIGHT_CW,R04,R04.G02,8,G17,b,False,"[""G17""]",graphical_agreement,"[1568, 905, 1700, 973]","[202, 1568, 270, 1700]",CW90,"{""A"": 235, ""B"": 236}",P0496,A04.P08,G17,G17,0.91,high,"{""A"": [], ""B"": []}",https://api.hcportal.eu/media/4614/pc_hcp_199_pic.JPG,f50ac01e9e219b7f50d79a2373a81355ce81dbf94da43b12be1b1e7ff9a6a9ce,images/positions/C199.R04.T08.png
497,C199.R04.T09,RIGHT_CW,R04,R04.G02,9,G05,y,False,"[""G05""]",graphical_agreement,"[1568, 883, 1700, 950]","[225, 1568, 292, 1700]",CW90,"{""A"": 255, ""B"": 257}",P0497,A04.P09,G05,G05,0.91,high,"{""A"": [], ""B"": []}",https://api.hcportal.eu/media/4614/pc_hcp_199_pic.JPG,f50ac01e9e219b7f50d79a2373a81355ce81dbf94da43b12be1b1e7ff9a6a9ce,images/positions/C199.R04.T09.png
498,C199.R04.T10,RIGHT_CW,R04,R04.G03,10,G14,n,False,"[""G14""]",graphical_agreement,"[1568, 835, 1700, 901]","[274, 1568, 340, 1700]",CW90,"{""A"": 309, ""B"": 309}",P0498,A04.P10,G14,G14,0.91,high,"{""A"": [], ""B"": []}",https://api.hcportal.eu/media/4614/pc_hcp_199_pic.JPG,f50ac01e9e219b7f50d79a2373a81355ce81dbf94da43b12be1b1e7ff9a6a9ce,images/positions/C199.R04.T10.png
499,C199.R04.T11,RIGHT_CW,R04,R04.G03,11,G03,e,False,"[""G03""]",graphical_agreement,"[1568, 809, 1700, 870]","[305, 1568, 366, 1700]",CW90,"{""A"": 335, ""B"": 333}",P0499,A04.P11,G03,G03,0.91,high,"{""A"": [], ""B"": []}",https://api.hcportal.eu/media/4614/pc_hcp_199_pic.JPG,f50ac01e9e219b7f50d79a2373a81355ce81dbf94da43b12be1b1e7ff9a6a9ce,images/positions/C199.R04.T11.png
500,C199.R04.T12,RIGHT_CW,R04,R04.G03,12,G08_N02,z,False,"[""G08_N02""]",graphical_agreement,"[1568, 771, 1700, 872]","[303, 1568, 404, 1700]",CW90,"{""A"": 353, ""B"": 350}",P0500,A04.P12,G08_N02,G08_N02,0.91,high,"{""A"": [], ""B"": []}",https://api.hcportal.eu/media/4614/pc_hcp_199_pic.JPG,f50ac01e9e219b7f50d79a2373a81355ce81dbf94da43b12be1b1e7ff9a6a9ce,images/positions/C199.R04.T12.png
501,C199.R04.T13,RIGHT_CW,R04,R04.G03,13,G09,a,False,"[""G09""]",graphical_agreement,"[1568, 768, 1700, 829]","[346, 1568, 407, 1700]",CW90,"{""A"": 376, ""B"": 373}",P0501,A04.P13,G09,G09,0.91,high,"{""A"": [], ""B"": []}",https://api.hcportal.eu/media/4614/pc_hcp_199_pic.JPG,f50ac01e9e219b7f50d79a2373a81355ce81dbf94da43b12be1b1e7ff9a6a9ce,images/positions/C199.R04.T13.png
502,C199.R04.T14,RIGHT_CW,R04,R04.G03,14,G20,p,False,"[""G20""]",graphical_agreement,"[1568, 746, 1700, 814]","[361, 1568, 429, 1700]",CW90,"{""A"": 396, ""B"": 395}",P0502,A04.P14,G20,G20,0.91,high,"{""A"": [], ""B"": []}",https://api.hcportal.eu/media/4614/pc_hcp_199_pic.JPG,f50ac01e9e219b7f50d79a2373a81355ce81dbf94da43b12be1b1e7ff9a6a9ce,images/positions/C199.R04.T14.png
503,C199.R04.T15,RIGHT_CW,R04,R04.G03,15,G11,o,False,"[""G11""]",graphical_agreement,"[1568, 726, 1700, 791]","[384, 1568, 449, 1700]",CW90,"{""A"": 418, ""B"": 410}",P0503,A04.P15,G11,G11,0.91,high,"{""A"": [], ""B"": []}",https://api.hcportal.eu/media/4614/pc_hcp_199_pic.JPG,f50ac01e9e219b7f50d79a2373a81355ce81dbf94da43b12be1b1e7ff9a6a9ce,images/positions/C199.R04.T15.png
504,C199.R04.T16,RIGHT_CW,R04,R04.G03,16,G15,m,False,"[""G15""]",graphical_agreement,"[1568, 702, 1700, 763]","[412, 1568, 473, 1700]",CW90,"{""A"": 442, ""B"": 439}",P0504,A04.P16,G15,G15,0.91,high,"{""A"": [], ""B"": []}",https://api.hcportal.eu/media/4614/pc_hcp_199_pic.JPG,f50ac01e9e219b7f50d79a2373a81355ce81dbf94da43b12be1b1e7ff9a6a9ce,images/positions/C199.R04.T16.png
505,C199.R04.T17,RIGHT_CW,R04,R04.G03,17,G14,n,False,"[""G14""]",graphical_agreement,"[1568, 667, 1700, 728]","[447, 1568, 508, 1700]",CW90,"{""A"": 477, ""B"": 473}",P0505,A04.P17,G14,G14,0.91,high,"{""A"": [], ""B"": []}",https://api.hcportal.eu/media/4614/pc_hcp_199_pic.JPG,f50ac01e9e219b7f50d79a2373a81355ce81dbf94da43b12be1b1e7ff9a6a9ce,images/positions/C199.R04.T17.png
506,C199.R04.T18,RIGHT_CW,R04,R04.G03,18,G03,e,False,"[""G03""]",graphical_agreement,"[1568, 639, 1700, 700]","[475, 1568, 536, 1700]",CW90,"{""A"": 505, ""B"": 505}",P0506,A04.P18,G03,G03,0.91,high,"{""A"": [], ""B"": []}",https://api.hcportal.eu/media/4614/pc_hcp_199_pic.JPG,f50ac01e9e219b7f50d79a2373a81355ce81dbf94da43b12be1b1e7ff9a6a9ce,images/positions/C199.R04.T18.png
507,C199.R04.T19,RIGHT_CW,R04,R04.G03,19,G04,l,False,"[""G04""]",graphical_agreement,"[1568, 616, 1700, 677]","[498, 1568, 559, 1700]",CW90,"{""A"": 528, ""B"": 527}",P0507,A04.P19,G04,G04,0.91,high,"{""A"": [], ""B"": []}",https://api.hcportal.eu/media/4614/pc_hcp_199_pic.JPG,f50ac01e9e219b7f50d79a2373a81355ce81dbf94da43b12be1b1e7ff9a6a9ce,images/positions/C199.R04.T19.png
508,C199.R04.T20,RIGHT_CW,R04,R04.G03,20,G11,o,False,"[""G11""]",graphical_agreement,"[1568, 594, 1700, 656]","[519, 1568, 581, 1700]",CW90,"{""A"": 550, ""B"": 545}",P0508,A04.P20,G11,G11,0.91,high,"{""A"": [], ""B"": []}",https://api.hcportal.eu/media/4614/pc_hcp_199_pic.JPG,f50ac01e9e219b7f50d79a2373a81355ce81dbf94da43b12be1b1e7ff9a6a9ce,images/positions/C199.R04.T20.png
509,C199.R04.T22,RIGHT_CW,R04,R04.G04,22,G08_N02,z,False,"[""G08_N02""]",graphical_agreement,"[1568, 529, 1700, 630]","[545, 1568, 646, 1700]",CW90,"{""A"": 595, ""B"": 588}",P0509,A04.P22,G08_N02,G08_N02,0.91,high,"{""A"": [], ""B"": []}",https://api.hcportal.eu/media/4614/pc_hcp_199_pic.JPG,f50ac01e9e219b7f50d79a2373a81355ce81dbf94da43b12be1b1e7ff9a6a9ce,images/positions/C199.R04.T22.png
510,C199.R04.T23,RIGHT_CW,R04,R04.G04,23,G03,e,False,"[""G03""]",graphical_agreement,"[1568, 529, 1700, 592]","[583, 1568, 646, 1700]",CW90,"{""A"": 615, ""B"": 609}",P0510,A04.P23,G03,G03,0.91,high,"{""A"": [], ""B"": []}",https://api.hcportal.eu/media/4614/pc_hcp_199_pic.JPG,f50ac01e9e219b7f50d79a2373a81355ce81dbf94da43b12be1b1e7ff9a6a9ce,images/positions/C199.R04.T23.png
511,C199.R04.T24,RIGHT_CW,R04,R04.G05,24,G14,n,False,"[""G14""]",graphical_agreement,"[1568, 495, 1700, 557]","[618, 1568, 680, 1700]",CW90,"{""A"": 649, ""B"": 645}",P0511,A04.P24,G14,G14,0.91,high,"{""A"": [], ""B"": []}",https://api.hcportal.eu/media/4614/pc_hcp_199_pic.JPG,f50ac01e9e219b7f50d79a2373a81355ce81dbf94da43b12be1b1e7ff9a6a9ce,images/positions/C199.R04.T24.png
512,C199.R04.T25,RIGHT_CW,R04,R04.G05,25,G09,a,False,"[""G09""]",graphical_agreement,"[1568, 468, 1700, 530]","[645, 1568, 707, 1700]",CW90,"{""A"": 676, ""B"": 671}",P0512,A04.P25,G09,G09,0.91,high,"{""A"": [], ""B"": []}",https://api.hcportal.eu/media/4614/pc_hcp_199_pic.JPG,f50ac01e9e219b7f50d79a2373a81355ce81dbf94da43b12be1b1e7ff9a6a9ce,images/positions/C199.R04.T25.png
513,C199.R04.T26,RIGHT_CW,R04,R04.G05,26,G04,l,False,"[""G04""]",graphical_agreement,"[1568, 446, 1700, 510]","[665, 1568, 729, 1700]",CW90,"{""A"": 698, ""B"": 691}",P0513,A04.P26,G04,G04,0.91,high,"{""A"": [], ""B"": []}",https://api.hcportal.eu/media/4614/pc_hcp_199_pic.JPG,f50ac01e9e219b7f50d79a2373a81355ce81dbf94da43b12be1b1e7ff9a6a9ce,images/positions/C199.R04.T26.png
514,C199.R04.T27,RIGHT_CW,R04,R04.G05,27,G03,e,False,"[""G03""]",graphical_agreement,"[1568, 425, 1700, 490]","[685, 1568, 750, 1700]",CW90,"{""A"": 719, ""B"": 711}",P0514,A04.P27,G03,G03,0.91,high,"{""A"": [], ""B"": []}",https://api.hcportal.eu/media/4614/pc_hcp_199_pic.JPG,f50ac01e9e219b7f50d79a2373a81355ce81dbf94da43b12be1b1e7ff9a6a9ce,images/positions/C199.R04.T27.png
515,C199.R04.T28,RIGHT_CW,R04,R04.G05,28,G08_N02,z,False,"[""G08_N02""]",graphical_agreement,"[1568, 383, 1700, 484]","[691, 1568, 792, 1700]",CW90,"{""A"": 741, ""B"": 732}",P0515,A04.P28,G08_N02,G08_N02,0.91,high,"{""A"": [], ""B"": []}",https://api.hcportal.eu/media/4614/pc_hcp_199_pic.JPG,f50ac01e9e219b7f50d79a2373a81355ce81dbf94da43b12be1b1e7ff9a6a9ce,images/positions/C199.R04.T28.png
516,C199.R04.T29,RIGHT_CW,R04,R04.G05,29,G07,i,False,"[""G07""]",graphical_agreement,"[1568, 382, 1700, 448]","[727, 1568, 793, 1700]",CW90,"{""A"": 762, ""B"": 753}",P0516,A04.P29,G07,G07,0.91,high,"{""A"": [], ""B"": []}",https://api.hcportal.eu/media/4614/pc_hcp_199_pic.JPG,f50ac01e9e219b7f50d79a2373a81355ce81dbf94da43b12be1b1e7ff9a6a9ce,images/positions/C199.R04.T29.png
517,C199.R04.T30,RIGHT_CW,R04,R04.G06,30,G01,v,False,"[""G01""]",graphical_agreement,"[1568, 342, 1700, 411]","[764, 1568, 833, 1700]",CW90,"{""A"": 802, ""B"": 798}",P0517,A04.P30,G01,G01,0.91,high,"{""A"": [], ""B"": []}",https://api.hcportal.eu/media/4614/pc_hcp_199_pic.JPG,f50ac01e9e219b7f50d79a2373a81355ce81dbf94da43b12be1b1e7ff9a6a9ce,images/positions/C199.R04.T30.png
518,C199.R04.T31,RIGHT_CW,R04,R04.G06,31,G05,y,False,"[""G05""]",graphical_agreement,"[1568, 329, 1700, 390]","[785, 1568, 846, 1700]",CW90,"{""A"": 815, ""B"": 815}",P0518,A04.P31,G05,G05,0.91,high,"{""A"": [], ""B"": []}",https://api.hcportal.eu/media/4614/pc_hcp_199_pic.JPG,f50ac01e9e219b7f50d79a2373a81355ce81dbf94da43b12be1b1e7ff9a6a9ce,images/positions/C199.R04.T31.png
519,C199.R04.T32,RIGHT_CW,R04,R04.G06,32,G02,r,False,"[""G02""]",graphical_agreement,"[1568, 307, 1700, 375]","[800, 1568, 868, 1700]",CW90,"{""A"": 831, ""B"": 834}",P0519,A04.P32,G02,G02,0.91,high,"{""A"": [], ""B"": []}",https://api.hcportal.eu/media/4614/pc_hcp_199_pic.JPG,f50ac01e9e219b7f50d79a2373a81355ce81dbf94da43b12be1b1e7ff9a6a9ce,images/positions/C199.R04.T32.png
520,C199.R04.T33,RIGHT_CW,R04,R04.G06,33,G09,a,False,"[""G09""]",graphical_agreement,"[1568, 291, 1700, 352]","[823, 1568, 884, 1700]",CW90,"{""A"": 853, ""B"": 852}",P0520,A04.P33,G09,G09,0.91,high,"{""A"": [], ""B"": []}",https://api.hcportal.eu/media/4614/pc_hcp_199_pic.JPG,f50ac01e9e219b7f50d79a2373a81355ce81dbf94da43b12be1b1e7ff9a6a9ce,images/positions/C199.R04.T33.png
521,C199.R04.T34,RIGHT_CW,R04,R04.G06,34,G06,d,False,"[""G06""]",graphical_agreement,"[1568, 267, 1700, 335]","[840, 1568, 908, 1700]",CW90,"{""A"": 875, ""B"": 874}",P0521,A04.P34,G06,G06,0.91,high,"{""A"": [], ""B"": []}",https://api.hcportal.eu/media/4614/pc_hcp_199_pic.JPG,f50ac01e9e219b7f50d79a2373a81355ce81dbf94da43b12be1b1e7ff9a6a9ce,images/positions/C199.R04.T34.png
522,C199.R04.T35,RIGHT_CW,R04,R04.G06,35,G14,n,False,"[""G14""]",graphical_agreement,"[1568, 243, 1700, 306]","[869, 1568, 932, 1700]",CW90,"{""A"": 901, ""B"": 895}",P0522,A04.P35,G14,G14,0.91,high,"{""A"": [], ""B"": []}",https://api.hcportal.eu/media/4614/pc_hcp_199_pic.JPG,f50ac01e9e219b7f50d79a2373a81355ce81dbf94da43b12be1b1e7ff9a6a9ce,images/positions/C199.R04.T35.png
523,C199.R04.T36,RIGHT_CW,R04,R04.G06,36,G03,e,False,"[""G03""]",graphical_agreement,"[1568, 219, 1700, 280]","[895, 1568, 956, 1700]",CW90,"{""A"": 925, ""B"": 921}",P0523,A04.P36,G03,G03,0.91,high,"{""A"": [], ""B"": []}",https://api.hcportal.eu/media/4614/pc_hcp_199_pic.JPG,f50ac01e9e219b7f50d79a2373a81355ce81dbf94da43b12be1b1e7ff9a6a9ce,images/positions/C199.R04.T36.png
524,C199.R04.T37,RIGHT_CW,R04,R04.G07,37,G20,p,False,"[""G20""]",graphical_agreement,"[1568, 183, 1700, 251]","[924, 1568, 992, 1700]",CW90,"{""A"": 956, ""B"": 958}",P0524,A04.P37,G20,G20,0.91,high,"{""A"": [], ""B"": []}",https://api.hcportal.eu/media/4614/pc_hcp_199_pic.JPG,f50ac01e9e219b7f50d79a2373a81355ce81dbf94da43b12be1b1e7ff9a6a9ce,images/positions/C199.R04.T37.png
525,C199.R04.T38,RIGHT_CW,R04,R04.G07,38,G03,e,False,"[""G03""]",graphical_agreement,"[1568, 168, 1700, 229]","[946, 1568, 1007, 1700]",CW90,"{""A"": 976, ""B"": 977}",P0525,A04.P38,G03,G03,0.91,high,"{""A"": [], ""B"": []}",https://api.hcportal.eu/media/4614/pc_hcp_199_pic.JPG,f50ac01e9e219b7f50d79a2373a81355ce81dbf94da43b12be1b1e7ff9a6a9ce,images/positions/C199.R04.T38.png
526,C199.R04.T39,RIGHT_CW,R04,R04.G07,39,G20,p,False,"[""G20""]",graphical_agreement,"[1568, 147, 1700, 215]","[960, 1568, 1028, 1700]",CW90,"{""A"": 994, ""B"": 994}",P0526,A04.P39,G20,G20,0.91,high,"{""A"": [], ""B"": []}",https://api.hcportal.eu/media/4614/pc_hcp_199_pic.JPG,f50ac01e9e219b7f50d79a2373a81355ce81dbf94da43b12be1b1e7ff9a6a9ce,images/positions/C199.R04.T39.png
527,C199.R04.T40,RIGHT_CW,R04,R04.G07,40,G11,o,False,"[""G11""]",graphical_agreement,"[1568, 133, 1700, 194]","[981, 1568, 1042, 1700]",CW90,"{""A"": 1011, ""B"": 1013}",P0527,A04.P40,G11,G11,0.91,high,"{""A"": [], ""B"": []}",https://api.hcportal.eu/media/4614/pc_hcp_199_pic.JPG,f50ac01e9e219b7f50d79a2373a81355ce81dbf94da43b12be1b1e7ff9a6a9ce,images/positions/C199.R04.T40.png
528,C199.R04.T41,RIGHT_CW,R04,R04.G07,41,G12,u,False,"[""G12""]",graphical_agreement,"[1568, 116, 1700, 177]","[998, 1568, 1059, 1700]",CW90,"{""A"": 1028, ""B"": 1029}",P0528,A04.P41,G12,G12,0.91,high,"{""A"": [], ""B"": []}",https://api.hcportal.eu/media/4614/pc_hcp_199_pic.JPG,f50ac01e9e219b7f50d79a2373a81355ce81dbf94da43b12be1b1e7ff9a6a9ce,images/positions/C199.R04.T41.png
529,C199.R04.T42,RIGHT_CW,R04,R04.G07,42,G13,s,False,"[""G13""]",graphical_agreement,"[1568, 98, 1700, 159]","[1016, 1568, 1077, 1700]",CW90,"{""A"": 1046, ""B"": 1043}",P0529,A04.P42,G13,G13,0.91,high,"{""A"": [], ""B"": []}",https://api.hcportal.eu/media/4614/pc_hcp_199_pic.JPG,f50ac01e9e219b7f50d79a2373a81355ce81dbf94da43b12be1b1e7ff9a6a9ce,images/positions/C199.R04.T42.png
530,C199.R04.T43,RIGHT_CW,R04,R04.G07,43,UNKNOWN,?,True,"[""G11"", ""G04""]",unresolved_lobe_closure,"[1568, 81, 1700, 142]","[1033, 1568, 1094, 1700]",CW90,"{""A"": 1063, ""B"": 1059}",P0530,A04.P43,UNKNOWN,G11,0.4,high,"{""A"": [{""geometry"": ""Dark rounded left perimeter and internal transverse return; possible overtracing."", ""ownership_confidence"": 0.87}], ""B"": []}",https://api.hcportal.eu/media/4614/pc_hcp_199_pic.JPG,f50ac01e9e219b7f50d79a2373a81355ce81dbf94da43b12be1b1e7ff9a6a9ce,images/positions/C199.R04.T43.png
531,C199.R04.T44,RIGHT_CW,R04,R04.G07,44,G01,v,False,"[""G01""]",graphical_agreement,"[1568, 64, 1700, 133]","[1042, 1568, 1111, 1700]",CW90,"{""A"": 1080, ""B"": 1076}",P0531,A04.P44,G01,G01,0.91,high,"{""A"": [], ""B"": []}",https://api.hcportal.eu/media/4614/pc_hcp_199_pic.JPG,f50ac01e9e219b7f50d79a2373a81355ce81dbf94da43b12be1b1e7ff9a6a9ce,images/positions/C199.R04.T44.png
532,C199.R04.T45,RIGHT_CW,R04,R04.G07,45,UNKNOWN,?,True,"[""G07""]",unresolved_extra_stroke,"[1568, 28, 1700, 129]","[1046, 1568, 1147, 1700]",CW90,"{""A"": 1096, ""B"": 1098}",P0532,A04.P45,UNKNOWN,UNKNOWN,0.53,unresolved,"{""A"": [{""geometry"": ""Thick horizontal underline parallel to the baseline foot; rightward upper cross/foot extension also visible."", ""ownership_confidence"": 0.94}], ""B"": [{""geometry"": ""Angular cup/right stem/foot body accompanied by a further nearly horizontal stroke below the normal foot. Two stacked low horizontal strokes are visible."", ""type"": ""extra_low_horizontal_stroke"", ""ownership_confidence"": ""high for association with the final body"", ""semantic_value"": null}]}",https://api.hcportal.eu/media/4614/pc_hcp_199_pic.JPG,f50ac01e9e219b7f50d79a2373a81355ce81dbf94da43b12be1b1e7ff9a6a9ce,images/positions/C199.R04.T45.png
